{
    "rows": [{
        "key": "21034",
        "value": {
            "sum": 0,
            "count": 1,
            "min": 0,
            "max": 0,
            "sumsqr": 0
        }
    }, {
        "key": "21035",
        "value": {
            "sum": 0,
            "count": 1,
            "min": 0,
            "max": 0,
            "sumsqr": 0
        }
    }, {
        "key": "21036",
        "value": {
            "sum": 0.06666666666666667,
            "count": 3,
            "min": 0,
            "max": 0.06666666666666667,
            "sumsqr": 0.0044444444444444444
        }
    }, {
        "key": "21037",
        "value": {
            "sum": 0.9299999999999999,
            "count": 8,
            "min": 0,
            "max": 0.7,
            "sumsqr": 0.51115
        }
    }, {
        "key": "21038",
        "value": {
            "sum": 0.6,
            "count": 6,
            "min": 0,
            "max": 0.6,
            "sumsqr": 0.36
        }
    }, {
        "key": "21039",
        "value": {
            "sum": 13.271536796536797,
            "count": 120,
            "min": -1,
            "max": 1,
            "sumsqr": 11.256011796094318
        }
    }, {
        "key": "21040",
        "value": {
            "sum": 8.216627886002886,
            "count": 38,
            "min": -0.1875,
            "max": 1,
            "sumsqr": 6.247347620623136
        }
    }, {
        "key": "21041",
        "value": {
            "sum": 0.890625,
            "count": 8,
            "min": 0,
            "max": 0.890625,
            "sumsqr": 0.793212890625
        }
    }, {
        "key": "21042",
        "value": {
            "sum": 1.25,
            "count": 4,
            "min": 0,
            "max": 1,
            "sumsqr": 1.0625
        }
    }, {
        "key": "21043",
        "value": {
            "sum": 1.387310606060606,
            "count": 23,
            "min": -0.1,
            "max": 0.5,
            "sumsqr": 0.6444886722337007
        }
    }, {
        "key": "21044",
        "value": {
            "sum": 0.17708333333333337,
            "count": 5,
            "min": -0.2916666666666667,
            "max": 0.55625,
            "sumsqr": 0.43963975694444446
        }
    }, {
        "key": "21045",
        "value": {
            "sum": 2.137009604978355,
            "count": 16,
            "min": -0.29296875,
            "max": 0.7,
            "sumsqr": 1.3260624530143335
        }
    }, {
        "key": "21046",
        "value": {
            "sum": 14.122585227272726,
            "count": 99,
            "min": -0.4333333333333333,
            "max": 1,
            "sumsqr": 10.26006042536516
        }
    }, {
        "key": "21047",
        "value": {
            "sum": 2.43125,
            "count": 15,
            "min": -0.1,
            "max": 1,
            "sumsqr": 1.7809765625
        }
    }, {
        "key": "21048",
        "value": {
            "sum": 0.8333333333333334,
            "count": 13,
            "min": -0.16666666666666666,
            "max": 1,
            "sumsqr": 1.0277777777777777
        }
    }, {
        "key": "21049",
        "value": {
            "sum": 7.824999999999999,
            "count": 44,
            "min": -0.4,
            "max": 0.8,
            "sumsqr": 6.251180555555557
        }
    }, {
        "key": "21050",
        "value": {
            "sum": 1.2863636363636362,
            "count": 27,
            "min": -0.2,
            "max": 0.5,
            "sumsqr": 0.7283172635445363
        }
    }, {
        "key": "21051",
        "value": {
            "sum": 0,
            "count": 6,
            "min": 0,
            "max": 0,
            "sumsqr": 0
        }
    }, {
        "key": "21053",
        "value": {
            "sum": 14.068611712361713,
            "count": 61,
            "min": -0.4,
            "max": 1,
            "sumsqr": 9.780917917936335
        }
    }, {
        "key": "21105",
        "value": {
            "sum": 23.654269272394274,
            "count": 168,
            "min": -0.6,
            "max": 1,
            "sumsqr": 16.342779844854313
        }
    }, {
        "key": "21106",
        "value": {
            "sum": 7.894540043290042,
            "count": 69,
            "min": -0.21,
            "max": 0.8,
            "sumsqr": 3.587507519624586
        }
    }, {
        "key": "21107",
        "value": {
            "sum": 2.015,
            "count": 8,
            "min": -0.050000000000000044,
            "max": 0.85,
            "sumsqr": 1.3071249999999999
        }
    }, {
        "key": "21108",
        "value": {
            "sum": 9.022248602092352,
            "count": 60,
            "min": -0.3333333333333333,
            "max": 1,
            "sumsqr": 6.014715307636607
        }
    }, {
        "key": "21109",
        "value": {
            "sum": 0.6,
            "count": 5,
            "min": 0,
            "max": 0.6,
            "sumsqr": 0.36
        }
    }, {
        "key": "21110",
        "value": {
            "sum": -0.38888888888888895,
            "count": 10,
            "min": -0.4,
            "max": 0.12499999999999999,
            "sumsqr": 0.22618827160493832
        }
    }, {
        "key": "21111",
        "value": {
            "sum": 11.248669733044734,
            "count": 57,
            "min": -0.3,
            "max": 1,
            "sumsqr": 8.231430788560498
        }
    }, {
        "key": "21112",
        "value": {
            "sum": 6.9259794372294365,
            "count": 72,
            "min": -0.8499999999999999,
            "max": 1,
            "sumsqr": 10.24411140056057
        }
    }, {
        "key": "21113",
        "value": {
            "sum": 2.781111111111111,
            "count": 10,
            "min": -0.052222222222222225,
            "max": 1,
            "sumsqr": 1.9171716049382717
        }
    }, {
        "key": "21114",
        "value": {
            "sum": 1.3399553571428573,
            "count": 22,
            "min": -0.25,
            "max": 0.6000000000000001,
            "sumsqr": 1.0844696944533023
        }
    }, {
        "key": "21115",
        "value": {
            "sum": 1.7465909090909089,
            "count": 27,
            "min": -0.7999999999999999,
            "max": 0.6,
            "sumsqr": 1.8839315025252523
        }
    }, {
        "key": "21116",
        "value": {
            "sum": 8.71800595238095,
            "count": 33,
            "min": -0.3,
            "max": 1,
            "sumsqr": 6.195487422544249
        }
    }, {
        "key": "21117",
        "value": {
            "sum": 14.679238816738817,
            "count": 179,
            "min": -0.6,
            "max": 1,
            "sumsqr": 9.340183720098844
        }
    }, {
        "key": "21118",
        "value": {
            "sum": 26.941574337121214,
            "count": 231,
            "min": -0.6,
            "max": 1,
            "sumsqr": 20.5737258459177
        }
    }, {
        "key": "21119",
        "value": {
            "sum": 52.4561139901765,
            "count": 528,
            "min": -0.625,
            "max": 1,
            "sumsqr": 39.36126457019296
        }
    }, {
        "key": "21120",
        "value": {
            "sum": 22.78215728715729,
            "count": 103,
            "min": -0.3888888888888889,
            "max": 1,
            "sumsqr": 15.046774885899033
        }
    }, {
        "key": "21121",
        "value": {
            "sum": -136.0991666666667,
            "count": 789,
            "min": -0.30000000000000004,
            "max": 0.7500000000000001,
            "sumsqr": 50.426167361111126
        }
    }, {
        "key": "21122",
        "value": {
            "sum": 486.4602259877979,
            "count": 3670,
            "min": -1,
            "max": 1,
            "sumsqr": 342.8900916005962
        }
    }, {
        "key": "21123",
        "value": {
            "sum": 10.388479437229437,
            "count": 90,
            "min": -0.5,
            "max": 1,
            "sumsqr": 7.332797688207707
        }
    }, {
        "key": "21124",
        "value": {
            "sum": 6.241439393939394,
            "count": 82,
            "min": -0.22916666666666666,
            "max": 0.625,
            "sumsqr": 3.691796068640955
        }
    }, {
        "key": "21125",
        "value": {
            "sum": 5.119372294372294,
            "count": 35,
            "min": -0.20000000000000007,
            "max": 1,
            "sumsqr": 3.29814584855981
        }
    }, {
        "key": "21126",
        "value": {
            "sum": 50.10536886724386,
            "count": 495,
            "min": -0.8,
            "max": 1,
            "sumsqr": 38.11586122726261
        }
    }, {
        "key": "21127",
        "value": {
            "sum": 3.3875,
            "count": 18,
            "min": -0.1875,
            "max": 0.85,
            "sumsqr": 2.3807812499999996
        }
    }, {
        "key": "21128",
        "value": {
            "sum": 12.11243777056277,
            "count": 73,
            "min": -0.6999999999999998,
            "max": 1,
            "sumsqr": 10.302844554931562
        }
    }, {
        "key": "21129",
        "value": {
            "sum": 4.976785714285714,
            "count": 40,
            "min": -0.2,
            "max": 1,
            "sumsqr": 3.7383228812358276
        }
    }, {
        "key": "21130",
        "value": {
            "sum": 5.796537698412698,
            "count": 55,
            "min": -1,
            "max": 1,
            "sumsqr": 5.089539027753213
        }
    }, {
        "key": "21131",
        "value": {
            "sum": 5.108510101010101,
            "count": 37,
            "min": -0.1875,
            "max": 1,
            "sumsqr": 3.713241651999796
        }
    }, {
        "key": "21132",
        "value": {
            "sum": 16.396629840067337,
            "count": 135,
            "min": -1,
            "max": 1,
            "sumsqr": 12.38322793975107
        }
    }, {
        "key": "21133",
        "value": {
            "sum": 35.163136724386725,
            "count": 233,
            "min": -1,
            "max": 1,
            "sumsqr": 22.972346208623676
        }
    }, {
        "key": "21134",
        "value": {
            "sum": 5.296835317460317,
            "count": 27,
            "min": -0.44999999999999996,
            "max": 1,
            "sumsqr": 4.990662152285682
        }
    }, {
        "key": "21135",
        "value": {
            "sum": 4.842070707070707,
            "count": 102,
            "min": -0.55,
            "max": 0.7,
            "sumsqr": 4.581729540353025
        }
    }, {
        "key": "21136",
        "value": {
            "sum": 26.368786751443004,
            "count": 163,
            "min": -0.75,
            "max": 1,
            "sumsqr": 21.621826943620093
        }
    }, {
        "key": "21137",
        "value": {
            "sum": 21.332756132756128,
            "count": 174,
            "min": -0.2916666666666667,
            "max": 1,
            "sumsqr": 11.834718065687019
        }
    }, {
        "key": "21138",
        "value": {
            "sum": 3.3725108225108227,
            "count": 21,
            "min": -0.4791666666666667,
            "max": 1,
            "sumsqr": 3.244422875555181
        }
    }, {
        "key": "21139",
        "value": {
            "sum": 9.841145833333332,
            "count": 59,
            "min": -0.3125,
            "max": 1,
            "sumsqr": 7.880212209542155
        }
    }, {
        "key": "21140",
        "value": {
            "sum": 3.4274242424242423,
            "count": 23,
            "min": -0.05,
            "max": 0.79,
            "sumsqr": 1.8640510789715337
        }
    }, {
        "key": "21141",
        "value": {
            "sum": 30.266865125615126,
            "count": 139,
            "min": -0.6,
            "max": 1,
            "sumsqr": 22.249709252740054
        }
    }, {
        "key": "21142",
        "value": {
            "sum": 27.3172607022607,
            "count": 249,
            "min": -1,
            "max": 1,
            "sumsqr": 23.610839625708632
        }
    }, {
        "key": "21143",
        "value": {
            "sum": 4.912406806156806,
            "count": 49,
            "min": -0.25,
            "max": 0.65,
            "sumsqr": 2.1314866600107587
        }
    }, {
        "key": "21144",
        "value": {
            "sum": 22.42474296536796,
            "count": 206,
            "min": -0.875,
            "max": 1,
            "sumsqr": 18.723504176776167
        }
    }, {
        "key": "21145",
        "value": {
            "sum": 1.1922348484848484,
            "count": 14,
            "min": -0.5,
            "max": 0.6,
            "sumsqr": 1.29999874454775
        }
    }, {
        "key": "21146",
        "value": {
            "sum": 0,
            "count": 2,
            "min": 0,
            "max": 0,
            "sumsqr": 0
        }
    }, {
        "key": "21147",
        "value": {
            "sum": 1.5547619047619048,
            "count": 15,
            "min": 0,
            "max": 0.65,
            "sumsqr": 0.7772845804988663
        }
    }, {
        "key": "21148",
        "value": {
            "sum": 0.5,
            "count": 2,
            "min": 0,
            "max": 0.5,
            "sumsqr": 0.25
        }
    }, {
        "key": "21149",
        "value": {
            "sum": 2.3994791666666666,
            "count": 22,
            "min": -0.6,
            "max": 1,
            "sumsqr": 3.0837936740451393
        }
    }, {
        "key": "21150",
        "value": {
            "sum": 1.696969696969697,
            "count": 13,
            "min": -0.22121212121212122,
            "max": 0.9,
            "sumsqr": 1.2173335629017448
        }
    }, {
        "key": "21151",
        "value": {
            "sum": 12.590837842712844,
            "count": 77,
            "min": -0.1875,
            "max": 1,
            "sumsqr": 8.325278540097981
        }
    }, {
        "key": "21152",
        "value": {
            "sum": 3.805681818181818,
            "count": 34,
            "min": 0,
            "max": 1,
            "sumsqr": 2.3107141012396695
        }
    }, {
        "key": "21153",
        "value": {
            "sum": 1.5326767676767674,
            "count": 18,
            "min": -0.21,
            "max": 1,
            "sumsqr": 1.5573578946025914
        }
    }, {
        "key": "21154",
        "value": {
            "sum": 1.7833333333333332,
            "count": 5,
            "min": 0,
            "max": 0.8,
            "sumsqr": 0.9869444444444446
        }
    }, {
        "key": "21155",
        "value": {
            "sum": 1.4249999999999998,
            "count": 3,
            "min": 0.2,
            "max": 0.625,
            "sumsqr": 0.790625
        }
    }, {
        "key": "21156",
        "value": {
            "sum": 0.46944444444444444,
            "count": 7,
            "min": -0.15555555555555559,
            "max": 0.625,
            "sumsqr": 0.4148225308641975
        }
    }, {
        "key": "21157",
        "value": {
            "sum": 0.975,
            "count": 12,
            "min": -0.25,
            "max": 0.625,
            "sumsqr": 0.753125
        }
    }, {
        "key": "21159",
        "value": {
            "sum": 1.9000000000000001,
            "count": 3,
            "min": 0.30000000000000004,
            "max": 1,
            "sumsqr": 1.4500000000000002
        }
    }, {
        "key": "21160",
        "value": {
            "sum": 0.5,
            "count": 7,
            "min": 0,
            "max": 0.5,
            "sumsqr": 0.25
        }
    }, {
        "key": "21161",
        "value": {
            "sum": 0.85,
            "count": 9,
            "min": -0.1,
            "max": 0.75,
            "sumsqr": 0.5925
        }
    }, {
        "key": "21163",
        "value": {
            "sum": 3.8023484848484848,
            "count": 33,
            "min": -0.4,
            "max": 1,
            "sumsqr": 3.8245244547750232
        }
    }, {
        "key": "21164",
        "value": {
            "sum": 0.5,
            "count": 1,
            "min": 0.5,
            "max": 0.5,
            "sumsqr": 0.25
        }
    }, {
        "key": "21165",
        "value": {
            "sum": 0.25303030303030294,
            "count": 11,
            "min": -0.5000000000000001,
            "max": 0.8,
            "sumsqr": 1.0221019857667588
        }
    }, {
        "key": "21166",
        "value": {
            "sum": 2.0810425685425686,
            "count": 33,
            "min": -0.08333333333333333,
            "max": 0.5,
            "sumsqr": 0.6459495116725907
        }
    }, {
        "key": "21167",
        "value": {
            "sum": 0,
            "count": 2,
            "min": 0,
            "max": 0,
            "sumsqr": 0
        }
    }, {
        "key": "21168",
        "value": {
            "sum": 2.1449494949494947,
            "count": 7,
            "min": 0,
            "max": 0.85,
            "sumsqr": 1.174072798694011
        }
    }, {
        "key": "21169",
        "value": {
            "sum": 19.97272967772968,
            "count": 131,
            "min": -0.8,
            "max": 1,
            "sumsqr": 13.942799625703426
        }
    }, {
        "key": "21170",
        "value": {
            "sum": 3.627209595959596,
            "count": 16,
            "min": -0.12222222222222223,
            "max": 1,
            "sumsqr": 2.8265701881504435
        }
    }, {
        "key": "21171",
        "value": {
            "sum": 1.174621212121212,
            "count": 19,
            "min": -0.8749999999999998,
            "max": 0.5666666666666667,
            "sumsqr": 1.6022377978012443
        }
    }, {
        "key": "21172",
        "value": {
            "sum": 4.816369047619048,
            "count": 26,
            "min": -0.4,
            "max": 1,
            "sumsqr": 4.090984711592971
        }
    }, {
        "key": "21173",
        "value": {
            "sum": 3.427777777777778,
            "count": 24,
            "min": -0.30000000000000004,
            "max": 1,
            "sumsqr": 2.771373456790123
        }
    }, {
        "key": "21174",
        "value": {
            "sum": 4.29375,
            "count": 30,
            "min": -0.5000000000000001,
            "max": 0.8,
            "sumsqr": 3.8927647569444446
        }
    }, {
        "key": "21176",
        "value": {
            "sum": 8.556569865319865,
            "count": 46,
            "min": -0.21,
            "max": 1,
            "sumsqr": 4.9680991780352635
        }
    }, {
        "key": "21177",
        "value": {
            "sum": 6.106410256410257,
            "count": 30,
            "min": -0.07692307692307693,
            "max": 1,
            "sumsqr": 4.339528270874425
        }
    }, {
        "key": "21178",
        "value": {
            "sum": 3.7,
            "count": 19,
            "min": -0.1,
            "max": 0.8,
            "sumsqr": 2.52875
        }
    }, {
        "key": "21179",
        "value": {
            "sum": 3.0569444444444445,
            "count": 34,
            "min": -0.4000000000000001,
            "max": 0.8,
            "sumsqr": 2.9552218364197533
        }
    }, {
        "key": "21181",
        "value": {
            "sum": 0,
            "count": 1,
            "min": 0,
            "max": 0,
            "sumsqr": 0
        }
    }, {
        "key": "21182",
        "value": {
            "sum": 4.066013933982685,
            "count": 26,
            "min": -0.1125,
            "max": 0.8,
            "sumsqr": 2.2674082015625476
        }
    }, {
        "key": "21184",
        "value": {
            "sum": 0.825,
            "count": 7,
            "min": 0,
            "max": 0.5,
            "sumsqr": 0.31062500000000004
        }
    }, {
        "key": "21185",
        "value": {
            "sum": 2,
            "count": 5,
            "min": 0,
            "max": 1,
            "sumsqr": 2
        }
    }, {
        "key": "21186",
        "value": {
            "sum": 0.9041666666666667,
            "count": 10,
            "min": 0,
            "max": 0.5,
            "sumsqr": 0.41001736111111114
        }
    }, {
        "key": "21187",
        "value": {
            "sum": 0.3642857142857143,
            "count": 4,
            "min": -0.2857142857142857,
            "max": 0.55,
            "sumsqr": 0.3941326530612245
        }
    }, {
        "key": "21188",
        "value": {
            "sum": 3.6113636363636363,
            "count": 11,
            "min": -0.5,
            "max": 1,
            "sumsqr": 2.936720041322314
        }
    }, {
        "key": "21189",
        "value": {
            "sum": 2.5253787878787874,
            "count": 11,
            "min": -0.1,
            "max": 0.7,
            "sumsqr": 1.4451148559458216
        }
    }, {
        "key": "21190",
        "value": {
            "sum": 1.3354166666666667,
            "count": 10,
            "min": -0.5,
            "max": 0.875,
            "sumsqr": 1.3583376736111112
        }
    }, {
        "key": "21191",
        "value": {
            "sum": 1.6979166666666665,
            "count": 16,
            "min": -0.15000000000000002,
            "max": 0.55,
            "sumsqr": 0.6604189236111111
        }
    }, {
        "key": "21192",
        "value": {
            "sum": 1,
            "count": 2,
            "min": 0,
            "max": 1,
            "sumsqr": 1
        }
    }, {
        "key": "21193",
        "value": {
            "sum": 3.2738636363636364,
            "count": 19,
            "min": -0.3,
            "max": 1,
            "sumsqr": 2.8062204271247833
        }
    }, {
        "key": "21194",
        "value": {
            "sum": 3.9995761183261185,
            "count": 41,
            "min": -0.4,
            "max": 0.8,
            "sumsqr": 3.500174762288027
        }
    }, {
        "key": "21195",
        "value": {
            "sum": 9.228030303030303,
            "count": 49,
            "min": -0.25,
            "max": 1,
            "sumsqr": 7.074879763544537
        }
    }, {
        "key": "21196",
        "value": {
            "sum": -0.39999999999999997,
            "count": 3,
            "min": -0.8,
            "max": 0.4000000000000001,
            "sumsqr": 0.8000000000000002
        }
    }, {
        "key": "21197",
        "value": {
            "sum": 0,
            "count": 12,
            "min": 0,
            "max": 0,
            "sumsqr": 0
        }
    }, {
        "key": "21198",
        "value": {
            "sum": 3.8446428571428575,
            "count": 18,
            "min": 0,
            "max": 1,
            "sumsqr": 2.6679416454081633
        }
    }, {
        "key": "21199",
        "value": {
            "sum": 0.5836700336700337,
            "count": 17,
            "min": -0.03333333333333333,
            "max": 0.21397306397306395,
            "sumsqr": 0.1077128467616683
        }
    }, {
        "key": "21200",
        "value": {
            "sum": 1.4863636363636363,
            "count": 4,
            "min": 0,
            "max": 1,
            "sumsqr": 1.141095041322314
        }
    }, {
        "key": "21201",
        "value": {
            "sum": 3.05,
            "count": 9,
            "min": 0,
            "max": 1,
            "sumsqr": 2.2025
        }
    }, {
        "key": "21202",
        "value": {
            "sum": 1.485515873015873,
            "count": 13,
            "min": 0,
            "max": 0.9,
            "sumsqr": 0.9080239433736459
        }
    }, {
        "key": "21203",
        "value": {
            "sum": 1.9987136243386245,
            "count": 38,
            "min": -0.21,
            "max": 0.5,
            "sumsqr": 0.8228425663584621
        }
    }, {
        "key": "21204",
        "value": {
            "sum": -0.2,
            "count": 2,
            "min": -0.2,
            "max": 0,
            "sumsqr": 0.04000000000000001
        }
    }, {
        "key": "21205",
        "value": {
            "sum": 0.45,
            "count": 4,
            "min": -0.05,
            "max": 0.5,
            "sumsqr": 0.2525
        }
    }, {
        "key": "21207",
        "value": {
            "sum": 0.7738365800865799,
            "count": 14,
            "min": -0.375,
            "max": 0.6,
            "sumsqr": 1.111052435796977
        }
    }, {
        "key": "21208",
        "value": {
            "sum": 5.042471244033743,
            "count": 47,
            "min": -0.5,
            "max": 0.925,
            "sumsqr": 4.239815993028622
        }
    }, {
        "key": "21209",
        "value": {
            "sum": 1.6886904761904764,
            "count": 9,
            "min": -0.20833333333333331,
            "max": 0.675,
            "sumsqr": 0.9227271116780046
        }
    }, {
        "key": "21210",
        "value": {
            "sum": 0,
            "count": 1,
            "min": 0,
            "max": 0,
            "sumsqr": 0
        }
    }, {
        "key": "21211",
        "value": {
            "sum": 0,
            "count": 2,
            "min": 0,
            "max": 0,
            "sumsqr": 0
        }
    }, {
        "key": "21212",
        "value": {
            "sum": 0.1875,
            "count": 7,
            "min": -0.3125,
            "max": 0.6,
            "sumsqr": 0.46765625
        }
    }, {
        "key": "21213",
        "value": {
            "sum": 0.9154761904761907,
            "count": 9,
            "min": -0.16666666666666666,
            "max": 1,
            "sumsqr": 1.070596655328798
        }
    }, {
        "key": "21214",
        "value": {
            "sum": 0.2496969696969697,
            "count": 5,
            "min": 0,
            "max": 0.13636363636363635,
            "sumsqr": 0.03143948576675849
        }
    }, {
        "key": "21215",
        "value": {
            "sum": 1,
            "count": 5,
            "min": 0,
            "max": 1,
            "sumsqr": 1
        }
    }, {
        "key": "21216",
        "value": {
            "sum": 2.4125,
            "count": 6,
            "min": 0,
            "max": 0.75,
            "sumsqr": 1.4889062499999999
        }
    }, {
        "key": "21219",
        "value": {
            "sum": 0.55,
            "count": 4,
            "min": 0,
            "max": 0.3,
            "sumsqr": 0.1525
        }
    }, {
        "key": "21220",
        "value": {
            "sum": 2.3583333333333334,
            "count": 19,
            "min": 0,
            "max": 0.5,
            "sumsqr": 0.9034027777777778
        }
    }, {
        "key": "21221",
        "value": {
            "sum": 1,
            "count": 2,
            "min": 0,
            "max": 1,
            "sumsqr": 1
        }
    }, {
        "key": "21223",
        "value": {
            "sum": -0.023809523809523822,
            "count": 12,
            "min": -0.06666666666666667,
            "max": 0.09285714285714285,
            "sumsqr": 0.01556689342403628
        }
    }, {
        "key": "21224",
        "value": {
            "sum": 0.7000000000000001,
            "count": 6,
            "min": -0.2,
            "max": 0.5,
            "sumsqr": 0.45000000000000007
        }
    }, {
        "key": "21225",
        "value": {
            "sum": 1.7874999999999999,
            "count": 8,
            "min": -0.1125,
            "max": 0.75,
            "sumsqr": 1.23640625
        }
    }, {
        "key": "21226",
        "value": {
            "sum": 1.088888888888889,
            "count": 7,
            "min": -0.2777777777777778,
            "max": 0.4,
            "sumsqr": 0.4849382716049383
        }
    }, {
        "key": "21227",
        "value": {
            "sum": 1.425,
            "count": 8,
            "min": 0,
            "max": 0.525,
            "sumsqr": 0.685625
        }
    }, {
        "key": "21228",
        "value": {
            "sum": 3.1083333333333334,
            "count": 16,
            "min": -0.05,
            "max": 0.85,
            "sumsqr": 1.8477933673469387
        }
    }, {
        "key": "21229",
        "value": {
            "sum": 0.6787878787878788,
            "count": 12,
            "min": -0.6,
            "max": 0.65,
            "sumsqr": 0.9684802571166208
        }
    }, {
        "key": "21230",
        "value": {
            "sum": 1.380952380952381,
            "count": 3,
            "min": 0.21428571428571427,
            "max": 0.8,
            "sumsqr": 0.8203628117913834
        }
    }, {
        "key": "21231",
        "value": {
            "sum": -0.025,
            "count": 2,
            "min": -0.025,
            "max": 0,
            "sumsqr": 0.0006250000000000001
        }
    }, {
        "key": "21232",
        "value": {
            "sum": 1.6,
            "count": 14,
            "min": 0,
            "max": 1,
            "sumsqr": 1.3599999999999999
        }
    }, {
        "key": "21233",
        "value": {
            "sum": 4.529166666666666,
            "count": 55,
            "min": -0.5,
            "max": 0.85,
            "sumsqr": 3.231545138888889
        }
    }, {
        "key": "21234",
        "value": {
            "sum": 0.18333333333333335,
            "count": 5,
            "min": 0,
            "max": 0.1,
            "sumsqr": 0.016944444444444446
        }
    }, {
        "key": "21235",
        "value": {
            "sum": 2.2015151515151516,
            "count": 8,
            "min": 0,
            "max": 0.6000000000000001,
            "sumsqr": 1.0013280532598716
        }
    }, {
        "key": "21236",
        "value": {
            "sum": 2.253882575757576,
            "count": 10,
            "min": 0,
            "max": 0.625,
            "sumsqr": 1.0711285529298669
        }
    }, {
        "key": "21237",
        "value": {
            "sum": 0.5500000000000002,
            "count": 7,
            "min": -0.1,
            "max": 0.4000000000000001,
            "sumsqr": 0.23250000000000007
        }
    }, {
        "key": "21239",
        "value": {
            "sum": 0.05,
            "count": 2,
            "min": 0,
            "max": 0.05,
            "sumsqr": 0.0025000000000000005
        }
    }, {
        "key": "21241",
        "value": {
            "sum": 2.6875,
            "count": 14,
            "min": -0.0625,
            "max": 1,
            "sumsqr": 1.70140625
        }
    }, {
        "key": "21242",
        "value": {
            "sum": 2.0,
            "count": 3,
            "min": 0.5,
            "max": 1,
            "sumsqr": 1.5
        }
    }, {
        "key": "21243",
        "value": {
            "sum": 2.62004329004329,
            "count": 17,
            "min": -0.05,
            "max": 0.5,
            "sumsqr": 1.022810102884129
        }
    }, {
        "key": "21245",
        "value": {
            "sum": 0.4607142857142857,
            "count": 16,
            "min": -0.05,
            "max": 0.2857142857142857,
            "sumsqr": 0.1347576530612245
        }
    }, {
        "key": "21246",
        "value": {
            "sum": 1.8447916666666668,
            "count": 9,
            "min": -0.17500000000000004,
            "max": 0.8166666666666668,
            "sumsqr": 1.4188292100694446
        }
    }, {
        "key": "21247",
        "value": {
            "sum": -0.05,
            "count": 1,
            "min": -0.05,
            "max": -0.05,
            "sumsqr": 0.0025000000000000005
        }
    }, {
        "key": "21248",
        "value": {
            "sum": 9.00458603896104,
            "count": 198,
            "min": -0.75,
            "max": 0.8,
            "sumsqr": 8.172961017622011
        }
    }, {
        "key": "21249",
        "value": {
            "sum": 0.5458333333333333,
            "count": 12,
            "min": -0.15555555555555559,
            "max": 0.5,
            "sumsqr": 0.44411715534979423
        }
    }, {
        "key": "21250",
        "value": {
            "sum": 1.9375,
            "count": 7,
            "min": 0,
            "max": 1,
            "sumsqr": 1.44140625
        }
    }, {
        "key": "21251",
        "value": {
            "sum": 3.5749999999999997,
            "count": 19,
            "min": -0.1277777777777778,
            "max": 0.85,
            "sumsqr": 2.891936728395061
        }
    }, {
        "key": "21254",
        "value": {
            "sum": 29.961111111111112,
            "count": 111,
            "min": 0,
            "max": 0.6000000000000001,
            "sumsqr": 15.136882716049385
        }
    }, {
        "key": "21255",
        "value": {
            "sum": 1.15,
            "count": 3,
            "min": 0,
            "max": 0.65,
            "sumsqr": 0.6725000000000001
        }
    }, {
        "key": "21257",
        "value": {
            "sum": 0.7375,
            "count": 4,
            "min": 0,
            "max": 0.5,
            "sumsqr": 0.30640625
        }
    }, {
        "key": "21258",
        "value": {
            "sum": 0.21428571428571427,
            "count": 2,
            "min": 0,
            "max": 0.21428571428571427,
            "sumsqr": 0.04591836734693877
        }
    }, {
        "key": "21259",
        "value": {
            "sum": 0.8549603174603174,
            "count": 15,
            "min": -0.78125,
            "max": 1,
            "sumsqr": 2.0489564830561853
        }
    }, {
        "key": "21260",
        "value": {
            "sum": 0.7250000000000001,
            "count": 12,
            "min": -0.5,
            "max": 0.5,
            "sumsqr": 0.8595138888888889
        }
    }, {
        "key": "21261",
        "value": {
            "sum": 0.06818181818181818,
            "count": 2,
            "min": 0,
            "max": 0.06818181818181818,
            "sumsqr": 0.004648760330578512
        }
    }, {
        "key": "21262",
        "value": {
            "sum": 2.935416666666667,
            "count": 11,
            "min": 0,
            "max": 0.875,
            "sumsqr": 1.6647786458333333
        }
    }, {
        "key": "21263",
        "value": {
            "sum": 0.5333333333333333,
            "count": 6,
            "min": -0.10833333333333334,
            "max": 0.375,
            "sumsqr": 0.22347222222222224
        }
    }, {
        "key": "21265",
        "value": {
            "sum": 0,
            "count": 1,
            "min": 0,
            "max": 0,
            "sumsqr": 0
        }
    }, {
        "key": "21266",
        "value": {
            "sum": 2.475,
            "count": 37,
            "min": -0.625,
            "max": 0.7,
            "sumsqr": 1.9632793209876545
        }
    }, {
        "key": "21267",
        "value": {
            "sum": -0.3655555555555556,
            "count": 4,
            "min": -0.21,
            "max": 0,
            "sumsqr": 0.06829753086419754
        }
    }, {
        "key": "21268",
        "value": {
            "sum": -0.05715488215488218,
            "count": 4,
            "min": -0.19351851851851853,
            "max": 0.13636363636363635,
            "sumsqr": 0.05604445833191625
        }
    }, {
        "key": "21269",
        "value": {
            "sum": 0,
            "count": 2,
            "min": 0,
            "max": 0,
            "sumsqr": 0
        }
    }, {
        "key": "21270",
        "value": {
            "sum": 0.8999999999999999,
            "count": 5,
            "min": -0.05,
            "max": 0.5,
            "sumsqr": 0.455
        }
    }, {
        "key": "21271",
        "value": {
            "sum": 0.1,
            "count": 7,
            "min": 0,
            "max": 0.1,
            "sumsqr": 0.010000000000000002
        }
    }, {
        "key": "21272",
        "value": {
            "sum": 0.05,
            "count": 3,
            "min": 0,
            "max": 0.05,
            "sumsqr": 0.0025000000000000005
        }
    }, {
        "key": "21273",
        "value": {
            "sum": -0.21428571428571427,
            "count": 2,
            "min": -0.21428571428571427,
            "max": 0,
            "sumsqr": 0.04591836734693877
        }
    }, {
        "key": "21274",
        "value": {
            "sum": 3.4304545454545456,
            "count": 23,
            "min": 0,
            "max": 1,
            "sumsqr": 2.2199047520661157
        }
    }, {
        "key": "21275",
        "value": {
            "sum": 3.7944444444444443,
            "count": 21,
            "min": -0.16666666666666666,
            "max": 0.7,
            "sumsqr": 1.8258697530864194
        }
    }, {
        "key": "21276",
        "value": {
            "sum": 11.638589015151515,
            "count": 81,
            "min": -0.25,
            "max": 1,
            "sumsqr": 6.89337824489569
        }
    }, {
        "key": "21277",
        "value": {
            "sum": 0.04545454545454545,
            "count": 3,
            "min": 0,
            "max": 0.04545454545454545,
            "sumsqr": 0.0020661157024793385
        }
    }, {
        "key": "21278",
        "value": {
            "sum": 10.295622895622895,
            "count": 56,
            "min": -0.6,
            "max": 1,
            "sumsqr": 8.182708552982122
        }
    }, {
        "key": "21279",
        "value": {
            "sum": 1.3875,
            "count": 16,
            "min": -0.02500000000000001,
            "max": 0.65,
            "sumsqr": 0.5573003472222223
        }
    }, {
        "key": "21280",
        "value": {
            "sum": 0.20416666666666666,
            "count": 2,
            "min": 0.05,
            "max": 0.15416666666666665,
            "sumsqr": 0.026267361111111102
        }
    }, {
        "key": "21281",
        "value": {
            "sum": 3.7325757575757574,
            "count": 33,
            "min": -0.5,
            "max": 0.725,
            "sumsqr": 2.1943325298438934
        }
    }, {
        "key": "21282",
        "value": {
            "sum": 5.259659090909092,
            "count": 47,
            "min": -0.4,
            "max": 0.8,
            "sumsqr": 3.0697750189712782
        }
    }, {
        "key": "21284",
        "value": {
            "sum": 0.8856691919191919,
            "count": 6,
            "min": -0.07777777777777779,
            "max": 0.5166666666666666,
            "sumsqr": 0.4291973754272523
        }
    }, {
        "key": "21285",
        "value": {
            "sum": 4.076515151515152,
            "count": 19,
            "min": -0.3125,
            "max": 1,
            "sumsqr": 3.1695698461891646
        }
    }, {
        "key": "21286",
        "value": {
            "sum": 3.4583333333333335,
            "count": 24,
            "min": -0.15,
            "max": 0.7,
            "sumsqr": 1.8836805555555556
        }
    }, {
        "key": "21287",
        "value": {
            "sum": 5.934387851731602,
            "count": 38,
            "min": -0.125,
            "max": 0.890625,
            "sumsqr": 2.775465898952583
        }
    }, {
        "key": "21288",
        "value": {
            "sum": 5.109686147186147,
            "count": 23,
            "min": -0.3333333333333333,
            "max": 1,
            "sumsqr": 4.069250309800228
        }
    }, {
        "key": "21289",
        "value": {
            "sum": 1.736549648268398,
            "count": 19,
            "min": -0.38828125,
            "max": 0.7,
            "sumsqr": 1.8058612207184064
        }
    }, {
        "key": "21290",
        "value": {
            "sum": 0.15,
            "count": 2,
            "min": -0.15,
            "max": 0.3,
            "sumsqr": 0.11249999999999999
        }
    }, {
        "key": "21291",
        "value": {
            "sum": 2.2081349206349206,
            "count": 13,
            "min": -0.15000000000000002,
            "max": 0.44285714285714284,
            "sumsqr": 0.9088095631771228
        }
    }, {
        "key": "21292",
        "value": {
            "sum": 3.0166666666666666,
            "count": 60,
            "min": 0,
            "max": 0.65,
            "sumsqr": 1.430277777777778
        }
    }, {
        "key": "21293",
        "value": {
            "sum": 2.2125,
            "count": 10,
            "min": 0,
            "max": 0.85,
            "sumsqr": 1.3070312499999996
        }
    }, {
        "key": "21294",
        "value": {
            "sum": 0.1,
            "count": 4,
            "min": 0,
            "max": 0.1,
            "sumsqr": 0.010000000000000002
        }
    }, {
        "key": "21295",
        "value": {
            "sum": 0.44236111111111115,
            "count": 3,
            "min": 0.031249999999999986,
            "max": 0.24444444444444446,
            "sumsqr": 0.08850742669753088
        }
    }, {
        "key": "21297",
        "value": {
            "sum": -1.2,
            "count": 22,
            "min": -0.6,
            "max": 0,
            "sumsqr": 0.72
        }
    }, {
        "key": "21299",
        "value": {
            "sum": 0,
            "count": 2,
            "min": 0,
            "max": 0,
            "sumsqr": 0
        }
    }, {
        "key": "21300",
        "value": {
            "sum": -0.525,
            "count": 9,
            "min": -0.6,
            "max": 0.35,
            "sumsqr": 0.5731249999999999
        }
    }, {
        "key": "21301",
        "value": {
            "sum": 0,
            "count": 5,
            "min": 0,
            "max": 0,
            "sumsqr": 0
        }
    }, {
        "key": "21302",
        "value": {
            "sum": 0,
            "count": 2,
            "min": 0,
            "max": 0,
            "sumsqr": 0
        }
    }, {
        "key": "21303",
        "value": {
            "sum": 0.9383928571428571,
            "count": 8,
            "min": 0,
            "max": 0.425,
            "sumsqr": 0.3325900829081632
        }
    }, {
        "key": "21304",
        "value": {
            "sum": 0.05,
            "count": 1,
            "min": 0.05,
            "max": 0.05,
            "sumsqr": 0.0025000000000000005
        }
    }, {
        "key": "21305",
        "value": {
            "sum": 0.441796875,
            "count": 2,
            "min": 0.1,
            "max": 0.341796875,
            "sumsqr": 0.12682510375976563
        }
    }, {
        "key": "21306",
        "value": {
            "sum": 1.1257575757575757,
            "count": 9,
            "min": 0,
            "max": 0.55,
            "sumsqr": 0.4700849403122131
        }
    }, {
        "key": "21308",
        "value": {
            "sum": 0.2363636363636364,
            "count": 7,
            "min": -0.3,
            "max": 0.4,
            "sumsqr": 0.26859504132231404
        }
    }, {
        "key": "21309",
        "value": {
            "sum": 1.952777777777778,
            "count": 8,
            "min": 0,
            "max": 1,
            "sumsqr": 1.369729938271605
        }
    }, {
        "key": "21310",
        "value": {
            "sum": 0,
            "count": 2,
            "min": 0,
            "max": 0,
            "sumsqr": 0
        }
    }, {
        "key": "21311",
        "value": {
            "sum": 3.6958333333333337,
            "count": 21,
            "min": -0.03333333333333333,
            "max": 1,
            "sumsqr": 2.504045138888889
        }
    }, {
        "key": "21312",
        "value": {
            "sum": 0.5918981481481481,
            "count": 12,
            "min": -0.21851851851851853,
            "max": 0.44166666666666665,
            "sumsqr": 0.3008102387688615
        }
    }, {
        "key": "21313",
        "value": {
            "sum": 0.40625,
            "count": 4,
            "min": 0,
            "max": 0.39999999999999997,
            "sumsqr": 0.16003906249999997
        }
    }, {
        "key": "21314",
        "value": {
            "sum": 0.8781250000000002,
            "count": 10,
            "min": -0.1,
            "max": 0.5,
            "sumsqr": 0.42329101562500004
        }
    }, {
        "key": "21316",
        "value": {
            "sum": 0,
            "count": 1,
            "min": 0,
            "max": 0,
            "sumsqr": 0
        }
    }, {
        "key": "21317",
        "value": {
            "sum": 1.1136994949494947,
            "count": 17,
            "min": -0.2,
            "max": 0.2583333333333333,
            "sumsqr": 0.370450595761912
        }
    }, {
        "key": "21319",
        "value": {
            "sum": -8.409325396825398,
            "count": 173,
            "min": -0.4,
            "max": 0.4726190476190476,
            "sumsqr": 3.9473821815248735
        }
    }, {
        "key": "21320",
        "value": {
            "sum": 1.334469696969697,
            "count": 19,
            "min": -0.3125,
            "max": 0.625,
            "sumsqr": 0.7335251664370983
        }
    }, {
        "key": "21321",
        "value": {
            "sum": 1.223776830808081,
            "count": 13,
            "min": -0.15555555555555559,
            "max": 0.6,
            "sumsqr": 0.6440138856630742
        }
    }, {
        "key": "21322",
        "value": {
            "sum": 0,
            "count": 7,
            "min": 0,
            "max": 0,
            "sumsqr": 0
        }
    }, {
        "key": "21323",
        "value": {
            "sum": 0.85,
            "count": 9,
            "min": -0.15,
            "max": 0.6,
            "sumsqr": 0.4525
        }
    }, {
        "key": "21324",
        "value": {
            "sum": 6.481313131313131,
            "count": 33,
            "min": -0.6,
            "max": 0.6000000000000001,
            "sumsqr": 3.815268084889297
        }
    }, {
        "key": "21325",
        "value": {
            "sum": 2.575,
            "count": 16,
            "min": -0.1875,
            "max": 0.5666666666666665,
            "sumsqr": 1.249409722222222
        }
    }, {
        "key": "21326",
        "value": {
            "sum": 4.747869318181819,
            "count": 25,
            "min": -0.0953125,
            "max": 1,
            "sumsqr": 3.3862693900116216
        }
    }, {
        "key": "21327",
        "value": {
            "sum": 2.905886243386244,
            "count": 22,
            "min": -0.4,
            "max": 1,
            "sumsqr": 2.306119303945858
        }
    }, {
        "key": "21328",
        "value": {
            "sum": 0,
            "count": 1,
            "min": 0,
            "max": 0,
            "sumsqr": 0
        }
    }, {
        "key": "21329",
        "value": {
            "sum": 2.066666666666667,
            "count": 8,
            "min": -0.04999999999999999,
            "max": 0.9,
            "sumsqr": 1.6027777777777776
        }
    }, {
        "key": "21330",
        "value": {
            "sum": 0.5142857142857142,
            "count": 8,
            "min": -0.05,
            "max": 0.45,
            "sumsqr": 0.21806122448979592
        }
    }, {
        "key": "21333",
        "value": {
            "sum": 0.11250000000000002,
            "count": 4,
            "min": 0,
            "max": 0.11250000000000002,
            "sumsqr": 0.012656250000000004
        }
    }, {
        "key": "21334",
        "value": {
            "sum": 2.968073593073593,
            "count": 17,
            "min": -0.375,
            "max": 0.825,
            "sumsqr": 1.9453897860797211
        }
    }, {
        "key": "21335",
        "value": {
            "sum": 0.1595238095238095,
            "count": 9,
            "min": -0.15714285714285714,
            "max": 0.16666666666666666,
            "sumsqr": 0.06497165532879819
        }
    }, {
        "key": "21336",
        "value": {
            "sum": 0.55,
            "count": 5,
            "min": 0,
            "max": 0.5,
            "sumsqr": 0.2525
        }
    }, {
        "key": "21337",
        "value": {
            "sum": -0.16388888888888886,
            "count": 13,
            "min": -0.1125,
            "max": 0.05000000000000002,
            "sumsqr": 0.025435956790123462
        }
    }, {
        "key": "21338",
        "value": {
            "sum": 0.5833333333333334,
            "count": 8,
            "min": -0.16666666666666666,
            "max": 0.7,
            "sumsqr": 0.5202777777777776
        }
    }, {
        "key": "21339",
        "value": {
            "sum": 0.6,
            "count": 2,
            "min": 0,
            "max": 0.6,
            "sumsqr": 0.36
        }
    }, {
        "key": "21340",
        "value": {
            "sum": 0.605,
            "count": 7,
            "min": 0,
            "max": 0.4,
            "sumsqr": 0.18202500000000002
        }
    }, {
        "key": "21341",
        "value": {
            "sum": 2.953869047619048,
            "count": 12,
            "min": -0.2,
            "max": 0.9,
            "sumsqr": 1.9290030647675738
        }
    }, {
        "key": "21342",
        "value": {
            "sum": 0.03333333333333333,
            "count": 2,
            "min": 0,
            "max": 0.03333333333333333,
            "sumsqr": 0.0011111111111111111
        }
    }, {
        "key": "21343",
        "value": {
            "sum": 1.4756493506493507,
            "count": 22,
            "min": -0.09375,
            "max": 0.8,
            "sumsqr": 0.8486030132610897
        }
    }, {
        "key": "21344",
        "value": {
            "sum": 0.4535714285714285,
            "count": 11,
            "min": -0.5,
            "max": 1,
            "sumsqr": 1.3364413265306123
        }
    }, {
        "key": "21346",
        "value": {
            "sum": 4.428738275613275,
            "count": 42,
            "min": -0.234375,
            "max": 0.85,
            "sumsqr": 2.7310145830803716
        }
    }, {
        "key": "21347",
        "value": {
            "sum": 1.5352272727272727,
            "count": 14,
            "min": -0.35,
            "max": 0.6,
            "sumsqr": 1.0579455061983472
        }
    }, {
        "key": "21348",
        "value": {
            "sum": 8.3597711489899,
            "count": 73,
            "min": -0.2916666666666667,
            "max": 1,
            "sumsqr": 5.279826365874755
        }
    }, {
        "key": "21349",
        "value": {
            "sum": 0.6868055555555556,
            "count": 16,
            "min": -0.2,
            "max": 0.5,
            "sumsqr": 0.39649353780864205
        }
    }, {
        "key": "21350",
        "value": {
            "sum": 3.1416666666666666,
            "count": 13,
            "min": -0.3,
            "max": 1,
            "sumsqr": 2.9342361111111113
        }
    }, {
        "key": "21351",
        "value": {
            "sum": 1.9842532467532465,
            "count": 11,
            "min": -0.15,
            "max": 0.6,
            "sumsqr": 1.1165015677414216
        }
    }, {
        "key": "21352",
        "value": {
            "sum": 4.095265151515152,
            "count": 32,
            "min": -0.6999999999999998,
            "max": 1,
            "sumsqr": 3.2598898430325987
        }
    }, {
        "key": "21353",
        "value": {
            "sum": 7.949599567099567,
            "count": 39,
            "min": -0.1875,
            "max": 0.7000000000000001,
            "sumsqr": 3.6449870733072847
        }
    }, {
        "key": "21355",
        "value": {
            "sum": 0,
            "count": 1,
            "min": 0,
            "max": 0,
            "sumsqr": 0
        }
    }, {
        "key": "21356",
        "value": {
            "sum": 1.8166666666666669,
            "count": 14,
            "min": 0,
            "max": 0.4,
            "sumsqr": 0.6034722222222223
        }
    }, {
        "key": "21357",
        "value": {
            "sum": 45.63194444444444,
            "count": 188,
            "min": -0.16666666666666666,
            "max": 0.8,
            "sumsqr": 12.36657600308642
        }
    }, {
        "key": "21358",
        "value": {
            "sum": 0,
            "count": 2,
            "min": 0,
            "max": 0,
            "sumsqr": 0
        }
    }, {
        "key": "21359",
        "value": {
            "sum": 0.4,
            "count": 2,
            "min": 0,
            "max": 0.4,
            "sumsqr": 0.16000000000000003
        }
    }, {
        "key": "21361",
        "value": {
            "sum": 0.5,
            "count": 3,
            "min": 0,
            "max": 0.5,
            "sumsqr": 0.25
        }
    }, {
        "key": "21362",
        "value": {
            "sum": 0.6,
            "count": 8,
            "min": -0.6,
            "max": 0.6,
            "sumsqr": 1.08
        }
    }, {
        "key": "21363",
        "value": {
            "sum": 0,
            "count": 1,
            "min": 0,
            "max": 0,
            "sumsqr": 0
        }
    }, {
        "key": "21365",
        "value": {
            "sum": 2.8150793650793653,
            "count": 11,
            "min": -0.17777777777777778,
            "max": 0.8,
            "sumsqr": 2.1532631015369117
        }
    }, {
        "key": "21366",
        "value": {
            "sum": -0.19583333333333336,
            "count": 13,
            "min": -0.2,
            "max": 0.05416666666666667,
            "sumsqr": 0.04543402777777779
        }
    }, {
        "key": "21368",
        "value": {
            "sum": 3.32890625,
            "count": 28,
            "min": -1,
            "max": 1,
            "sumsqr": 4.023747897677952
        }
    }, {
        "key": "21369",
        "value": {
            "sum": 1.3,
            "count": 6,
            "min": 0,
            "max": 0.675,
            "sumsqr": 0.6587500000000001
        }
    }, {
        "key": "21370",
        "value": {
            "sum": 0.607792207792208,
            "count": 18,
            "min": -0.6999999999999998,
            "max": 0.925,
            "sumsqr": 2.3867327964243548
        }
    }, {
        "key": "21371",
        "value": {
            "sum": 6.5702380952380945,
            "count": 48,
            "min": -0.625,
            "max": 1,
            "sumsqr": 5.258008786848073
        }
    }, {
        "key": "21372",
        "value": {
            "sum": 3.0693939393939393,
            "count": 18,
            "min": -0.3333333333333333,
            "max": 0.78,
            "sumsqr": 1.724477536730946
        }
    }, {
        "key": "21373",
        "value": {
            "sum": 1.9375,
            "count": 5,
            "min": 0,
            "max": 0.6875,
            "sumsqr": 1.02515625
        }
    }, {
        "key": "21374",
        "value": {
            "sum": 0.966720779220779,
            "count": 9,
            "min": 0,
            "max": 0.2556818181818182,
            "sumsqr": 0.20971583003035926
        }
    }, {
        "key": "21375",
        "value": {
            "sum": 4.398611111111112,
            "count": 24,
            "min": -0.3888888888888889,
            "max": 0.9,
            "sumsqr": 3.550904706790124
        }
    }, {
        "key": "21376",
        "value": {
            "sum": 1.4124999999999999,
            "count": 13,
            "min": -0.3499999999999999,
            "max": 0.85,
            "sumsqr": 1.3439062499999999
        }
    }, {
        "key": "21377",
        "value": {
            "sum": 3.948737373737374,
            "count": 38,
            "min": -0.8,
            "max": 0.9,
            "sumsqr": 3.8355515381083567
        }
    }, {
        "key": "21380",
        "value": {
            "sum": 4.680681818181818,
            "count": 37,
            "min": -1,
            "max": 1,
            "sumsqr": 4.963449305555556
        }
    }, {
        "key": "21381",
        "value": {
            "sum": 2.5296401515151516,
            "count": 11,
            "min": 0,
            "max": 0.5,
            "sumsqr": 1.0886484249454775
        }
    }, {
        "key": "21382",
        "value": {
            "sum": 0.8987847222222223,
            "count": 9,
            "min": -0.6,
            "max": 0.9765625,
            "sumsqr": 2.066216754677855
        }
    }, {
        "key": "21384",
        "value": {
            "sum": 0.8377130681818182,
            "count": 16,
            "min": -0.6,
            "max": 0.38316761363636365,
            "sumsqr": 0.7805410197724763
        }
    }, {
        "key": "21385",
        "value": {
            "sum": 2.1166666666666667,
            "count": 7,
            "min": 0,
            "max": 0.6,
            "sumsqr": 0.9058333333333334
        }
    }, {
        "key": "21424",
        "value": {
            "sum": 0.7333333333333334,
            "count": 11,
            "min": -0.11666666666666665,
            "max": 0.5,
            "sumsqr": 0.4061111111111111
        }
    }, {
        "key": "21425",
        "value": {
            "sum": -0.05,
            "count": 3,
            "min": -0.05,
            "max": 0,
            "sumsqr": 0.0025000000000000005
        }
    }, {
        "key": "21426",
        "value": {
            "sum": 1.983604497354497,
            "count": 19,
            "min": -0.13518518518518519,
            "max": 0.7,
            "sumsqr": 0.8443780156018167
        }
    }, {
        "key": "21427",
        "value": {
            "sum": 3.284108382936508,
            "count": 16,
            "min": -0.05,
            "max": 1,
            "sumsqr": 2.029024554901623
        }
    }, {
        "key": "21428",
        "value": {
            "sum": 8.012174492174491,
            "count": 77,
            "min": -1,
            "max": 1,
            "sumsqr": 8.035744795293784
        }
    }, {
        "key": "21429",
        "value": {
            "sum": 0.13636363636363635,
            "count": 3,
            "min": 0,
            "max": 0.13636363636363635,
            "sumsqr": 0.018595041322314047
        }
    }, {
        "key": "21430",
        "value": {
            "sum": 0,
            "count": 3,
            "min": 0,
            "max": 0,
            "sumsqr": 0
        }
    }, {
        "key": "21431",
        "value": {
            "sum": 0.1,
            "count": 1,
            "min": 0.1,
            "max": 0.1,
            "sumsqr": 0.010000000000000002
        }
    }, {
        "key": "21432",
        "value": {
            "sum": 1.6937878787878786,
            "count": 54,
            "min": 0,
            "max": 0.8,
            "sumsqr": 0.8999476813590451
        }
    }, {
        "key": "21433",
        "value": {
            "sum": 0.8,
            "count": 1,
            "min": 0.8,
            "max": 0.8,
            "sumsqr": 0.6400000000000001
        }
    }, {
        "key": "21435",
        "value": {
            "sum": -0.16666666666666666,
            "count": 9,
            "min": -0.16666666666666666,
            "max": 0,
            "sumsqr": 0.027777777777777776
        }
    }, {
        "key": "21436",
        "value": {
            "sum": 0.06818181818181818,
            "count": 6,
            "min": 0,
            "max": 0.06818181818181818,
            "sumsqr": 0.004648760330578512
        }
    }, {
        "key": "21437",
        "value": {
            "sum": 1.5195616883116885,
            "count": 17,
            "min": -0.2857142857142857,
            "max": 0.7,
            "sumsqr": 1.0819416809854105
        }
    }, {
        "key": "21438",
        "value": {
            "sum": -0.09375,
            "count": 5,
            "min": -0.09375,
            "max": 0,
            "sumsqr": 0.0087890625
        }
    }, {
        "key": "21439",
        "value": {
            "sum": 0.14999999999999997,
            "count": 3,
            "min": 0,
            "max": 0.14999999999999997,
            "sumsqr": 0.02249999999999999
        }
    }, {
        "key": "21440",
        "value": {
            "sum": 0,
            "count": 1,
            "min": 0,
            "max": 0,
            "sumsqr": 0
        }
    }, {
        "key": "21441",
        "value": {
            "sum": 2.7828083028083026,
            "count": 23,
            "min": -0.16666666666666666,
            "max": 0.6,
            "sumsqr": 1.7524492988560754
        }
    }, {
        "key": "21442",
        "value": {
            "sum": 0,
            "count": 2,
            "min": 0,
            "max": 0,
            "sumsqr": 0
        }
    }, {
        "key": "21443",
        "value": {
            "sum": 0,
            "count": 1,
            "min": 0,
            "max": 0,
            "sumsqr": 0
        }
    }, {
        "key": "21444",
        "value": {
            "sum": -0.4777777777777778,
            "count": 7,
            "min": -0.4,
            "max": 0,
            "sumsqr": 0.1660493827160494
        }
    }, {
        "key": "21445",
        "value": {
            "sum": 0.8,
            "count": 2,
            "min": 0,
            "max": 0.8,
            "sumsqr": 0.6400000000000001
        }
    }, {
        "key": "21446",
        "value": {
            "sum": 3.919805194805195,
            "count": 29,
            "min": -0.8,
            "max": 0.8,
            "sumsqr": 3.4743183267625235
        }
    }, {
        "key": "21447",
        "value": {
            "sum": -0.5907738095238096,
            "count": 32,
            "min": -0.6,
            "max": 0.7,
            "sumsqr": 2.379812305130385
        }
    }, {
        "key": "21448",
        "value": {
            "sum": 0,
            "count": 1,
            "min": 0,
            "max": 0,
            "sumsqr": 0
        }
    }, {
        "key": "21449",
        "value": {
            "sum": 0.19999999999999998,
            "count": 2,
            "min": 0,
            "max": 0.19999999999999998,
            "sumsqr": 0.039999999999999994
        }
    }, {
        "key": "21450",
        "value": {
            "sum": 1.043181818181818,
            "count": 17,
            "min": -1,
            "max": 0.625,
            "sumsqr": 2.201438533057851
        }
    }, {
        "key": "21451",
        "value": {
            "sum": 0.5416666666666666,
            "count": 4,
            "min": -0.024999999999999994,
            "max": 0.4,
            "sumsqr": 0.17506944444444447
        }
    }, {
        "key": "21452",
        "value": {
            "sum": 1.35,
            "count": 2,
            "min": 0.5,
            "max": 0.85,
            "sumsqr": 0.9724999999999999
        }
    }, {
        "key": "21453",
        "value": {
            "sum": 0.6095238095238096,
            "count": 2,
            "min": 0.04285714285714287,
            "max": 0.5666666666666668,
            "sumsqr": 0.3229478458049888
        }
    }, {
        "key": "21454",
        "value": {
            "sum": 0,
            "count": 2,
            "min": 0,
            "max": 0,
            "sumsqr": 0
        }
    }, {
        "key": "21455",
        "value": {
            "sum": 0,
            "count": 1,
            "min": 0,
            "max": 0,
            "sumsqr": 0
        }
    }, {
        "key": "21456",
        "value": {
            "sum": 1.2613636363636362,
            "count": 24,
            "min": -0.07500000000000001,
            "max": 0.7,
            "sumsqr": 0.644220041322314
        }
    }, {
        "key": "21457",
        "value": {
            "sum": -0.17777777777777778,
            "count": 1,
            "min": -0.17777777777777778,
            "max": -0.17777777777777778,
            "sumsqr": 0.03160493827160494
        }
    }, {
        "key": "21459",
        "value": {
            "sum": 0.36666666666666664,
            "count": 2,
            "min": 0.13333333333333333,
            "max": 0.2333333333333333,
            "sumsqr": 0.07222222222222222
        }
    }, {
        "key": "21460",
        "value": {
            "sum": 0.425,
            "count": 2,
            "min": -0.07500000000000001,
            "max": 0.5,
            "sumsqr": 0.255625
        }
    }, {
        "key": "21462",
        "value": {
            "sum": 1.2222222222222223,
            "count": 3,
            "min": -0.1,
            "max": 1,
            "sumsqr": 1.1138271604938272
        }
    }, {
        "key": "21463",
        "value": {
            "sum": -0.06458333333333333,
            "count": 4,
            "min": -0.06458333333333333,
            "max": 0,
            "sumsqr": 0.004171006944444443
        }
    }, {
        "key": "21464",
        "value": {
            "sum": 1.3,
            "count": 5,
            "min": -0.25,
            "max": 0.8,
            "sumsqr": 1.0150000000000001
        }
    }, {
        "key": "21465",
        "value": {
            "sum": 2.3863636363636367,
            "count": 6,
            "min": 0,
            "max": 0.85,
            "sumsqr": 1.3336157024793387
        }
    }, {
        "key": "21466",
        "value": {
            "sum": -0.26590909090909093,
            "count": 13,
            "min": -0.3,
            "max": 0.2090909090909091,
            "sumsqr": 0.15684400826446282
        }
    }, {
        "key": "21467",
        "value": {
            "sum": 0.8,
            "count": 4,
            "min": 0,
            "max": 0.8,
            "sumsqr": 0.6400000000000001
        }
    }, {
        "key": "21468",
        "value": {
            "sum": 0.75,
            "count": 8,
            "min": 0,
            "max": 0.5,
            "sumsqr": 0.29250000000000004
        }
    }]
}
