{
    "rows": [{
        "key": "212031302",
        "value": {
            "medium_age": 31,
            "higher_education_percentage": "10.3231%",
            "average_income_per_person_per_week": 668,
            "having_children_percentage": "85.2738%",
            "volunteer_total_num": 1903
        }
    }, {
        "key": "212031303",
        "value": {
            "medium_age": 37,
            "higher_education_percentage": "8.8732%",
            "average_income_per_person_per_week": 742,
            "having_children_percentage": "77.0313%",
            "volunteer_total_num": 1063
        }
    }, {
        "key": "212031304",
        "value": {
            "medium_age": 30,
            "higher_education_percentage": "9.4933%",
            "average_income_per_person_per_week": 707,
            "having_children_percentage": "82.7350%",
            "volunteer_total_num": 1226
        }
    }, {
        "key": "212031305",
        "value": {
            "medium_age": 33,
            "higher_education_percentage": "11.2698%",
            "average_income_per_person_per_week": 540,
            "having_children_percentage": "86.0159%",
            "volunteer_total_num": 2278
        }
    }, {
        "key": "213021342",
        "value": {
            "medium_age": 38,
            "higher_education_percentage": "15.9810%",
            "average_income_per_person_per_week": 592,
            "having_children_percentage": "77.6752%",
            "volunteer_total_num": 2006
        }
    }, {
        "key": "206061136",
        "value": {
            "medium_age": 33,
            "higher_education_percentage": "31.0859%",
            "average_income_per_person_per_week": 1083,
            "having_children_percentage": "51.8627%",
            "volunteer_total_num": 3130
        }
    }, {
        "key": "206071141",
        "value": {
            "medium_age": 32,
            "higher_education_percentage": "27.7062%",
            "average_income_per_person_per_week": 969,
            "having_children_percentage": "54.0083%",
            "volunteer_total_num": 1430
        }
    }, {
        "key": "210031440",
        "value": {
            "medium_age": 38,
            "higher_education_percentage": "14.3930%",
            "average_income_per_person_per_week": 484,
            "having_children_percentage": "76.0657%",
            "volunteer_total_num": 485
        }
    }, {
        "key": "210041240",
        "value": {
            "medium_age": 39,
            "higher_education_percentage": "13.0059%",
            "average_income_per_person_per_week": 689,
            "having_children_percentage": "79.1222%",
            "volunteer_total_num": 1865
        }
    }, {
        "key": "210041241",
        "value": {
            "medium_age": 37,
            "higher_education_percentage": "12.8351%",
            "average_income_per_person_per_week": 698,
            "having_children_percentage": "78.0847%",
            "volunteer_total_num": 3575
        }
    }, {
        "key": "206071142",
        "value": {
            "medium_age": 33,
            "higher_education_percentage": "28.0716%",
            "average_income_per_person_per_week": 925,
            "having_children_percentage": "58.0123%",
            "volunteer_total_num": 1992
        }
    }, {
        "key": "208021180",
        "value": {
            "medium_age": 35,
            "higher_education_percentage": "29.0659%",
            "average_income_per_person_per_week": 699,
            "having_children_percentage": "76.9057%",
            "volunteer_total_num": 1125
        }
    }, {
        "key": "213051466",
        "value": {
            "medium_age": 31,
            "higher_education_percentage": "13.6520%",
            "average_income_per_person_per_week": 876,
            "having_children_percentage": "84.9530%",
            "volunteer_total_num": 1508
        }
    }, {
        "key": "207031162",
        "value": {
            "medium_age": 42,
            "higher_education_percentage": "19.4260%",
            "average_income_per_person_per_week": 612,
            "having_children_percentage": "78.9828%",
            "volunteer_total_num": 2085
        }
    }, {
        "key": "207031167",
        "value": {
            "medium_age": 40,
            "higher_education_percentage": "25.8146%",
            "average_income_per_person_per_week": 870,
            "having_children_percentage": "78.4311%",
            "volunteer_total_num": 2205
        }
    }, {
        "key": "208011170",
        "value": {
            "medium_age": 43,
            "higher_education_percentage": "16.4479%",
            "average_income_per_person_per_week": 856,
            "having_children_percentage": "79.4824%",
            "volunteer_total_num": 2965
        }
    }, {
        "key": "208011171",
        "value": {
            "medium_age": 40,
            "higher_education_percentage": "15.1061%",
            "average_income_per_person_per_week": 809,
            "having_children_percentage": "78.4464%",
            "volunteer_total_num": 1769
        }
    }, {
        "key": "208011172",
        "value": {
            "medium_age": 42,
            "higher_education_percentage": "16.9606%",
            "average_income_per_person_per_week": 819,
            "having_children_percentage": "79.9318%",
            "volunteer_total_num": 3298
        }
    }, {
        "key": "206011105",
        "value": {
            "medium_age": 33,
            "higher_education_percentage": "43.2944%",
            "average_income_per_person_per_week": 823,
            "having_children_percentage": "60.0193%",
            "volunteer_total_num": 4945
        }
    }, {
        "key": "206011106",
        "value": {
            "medium_age": 32,
            "higher_education_percentage": "41.1125%",
            "average_income_per_person_per_week": 906,
            "having_children_percentage": "59.6928%",
            "volunteer_total_num": 2073
        }
    }, {
        "key": "206011109",
        "value": {
            "medium_age": 38,
            "higher_education_percentage": "18.2977%",
            "average_income_per_person_per_week": 723,
            "having_children_percentage": "81.2586%",
            "volunteer_total_num": 1373
        }
    }, {
        "key": "206041118",
        "value": {
            "medium_age": 30,
            "higher_education_percentage": "40.5232%",
            "average_income_per_person_per_week": 970,
            "having_children_percentage": "47.2706%",
            "volunteer_total_num": 1353
        }
    }, {
        "key": "206041119",
        "value": {
            "medium_age": 38,
            "higher_education_percentage": "33.7702%",
            "average_income_per_person_per_week": 1341,
            "having_children_percentage": "42.7330%",
            "volunteer_total_num": 1221
        }
    }, {
        "key": "206041120",
        "value": {
            "medium_age": 32,
            "higher_education_percentage": "20.7547%",
            "average_income_per_person_per_week": 1062,
            "having_children_percentage": "72.0000%",
            "volunteer_total_num": 15
        }
    }, {
        "key": "206041125",
        "value": {
            "medium_age": 37,
            "higher_education_percentage": "26.5035%",
            "average_income_per_person_per_week": 1220,
            "having_children_percentage": "47.7351%",
            "volunteer_total_num": 1288
        }
    }, {
        "key": "208021427",
        "value": {
            "medium_age": 40,
            "higher_education_percentage": "16.4856%",
            "average_income_per_person_per_week": 717,
            "having_children_percentage": "79.3411%",
            "volunteer_total_num": 1938
        }
    }, {
        "key": "208021174",
        "value": {
            "medium_age": 40,
            "higher_education_percentage": "18.8588%",
            "average_income_per_person_per_week": 740,
            "having_children_percentage": "80.9172%",
            "volunteer_total_num": 3687
        }
    }, {
        "key": "208031183",
        "value": {
            "medium_age": 39,
            "higher_education_percentage": "16.9194%",
            "average_income_per_person_per_week": 702,
            "having_children_percentage": "83.6370%",
            "volunteer_total_num": 1335
        }
    }, {
        "key": "208021181",
        "value": {
            "medium_age": 36,
            "higher_education_percentage": "29.7910%",
            "average_income_per_person_per_week": 778,
            "having_children_percentage": "74.0863%",
            "volunteer_total_num": 1563
        }
    }, {
        "key": "208031184",
        "value": {
            "medium_age": 29,
            "higher_education_percentage": "0.0000%",
            "average_income_per_person_per_week": 900,
            "having_children_percentage": "72.2222%",
            "volunteer_total_num": 6
        }
    }, {
        "key": "206041126",
        "value": {
            "medium_age": 30,
            "higher_education_percentage": "42.9382%",
            "average_income_per_person_per_week": 981,
            "having_children_percentage": "40.4715%",
            "volunteer_total_num": 2714
        }
    }, {
        "key": "208031187",
        "value": {
            "medium_age": 40,
            "higher_education_percentage": "11.7414%",
            "average_income_per_person_per_week": 674,
            "having_children_percentage": "78.5985%",
            "volunteer_total_num": 736
        }
    }, {
        "key": "208021176",
        "value": {
            "medium_age": 34,
            "higher_education_percentage": "36.0819%",
            "average_income_per_person_per_week": 729,
            "having_children_percentage": "70.0736%",
            "volunteer_total_num": 2869
        }
    }, {
        "key": "206011108",
        "value": {
            "medium_age": 35,
            "higher_education_percentage": "29.5156%",
            "average_income_per_person_per_week": 674,
            "having_children_percentage": "74.9391%",
            "volunteer_total_num": 3936
        }
    }, {
        "key": "206011107",
        "value": {
            "medium_age": 34,
            "higher_education_percentage": "36.9412%",
            "average_income_per_person_per_week": 742,
            "having_children_percentage": "68.4120%",
            "volunteer_total_num": 2441
        }
    }, {
        "key": "206021110",
        "value": {
            "medium_age": 36,
            "higher_education_percentage": "25.8682%",
            "average_income_per_person_per_week": 855,
            "having_children_percentage": "73.4742%",
            "volunteer_total_num": 1850
        }
    }, {
        "key": "208021182",
        "value": {
            "medium_age": 33,
            "higher_education_percentage": "30.2137%",
            "average_income_per_person_per_week": 753,
            "having_children_percentage": "74.3178%",
            "volunteer_total_num": 2155
        }
    }, {
        "key": "206021111",
        "value": {
            "medium_age": 36,
            "higher_education_percentage": "25.7474%",
            "average_income_per_person_per_week": 881,
            "having_children_percentage": "73.0928%",
            "volunteer_total_num": 4717
        }
    }, {
        "key": "206041127",
        "value": {
            "medium_age": 0,
            "higher_education_percentage": null,
            "average_income_per_person_per_week": 0,
            "having_children_percentage": null,
            "volunteer_total_num": 0
        }
    }, {
        "key": "206021112",
        "value": {
            "medium_age": 36,
            "higher_education_percentage": "26.0783%",
            "average_income_per_person_per_week": 773,
            "having_children_percentage": "72.1958%",
            "volunteer_total_num": 2935
        }
    }, {
        "key": "206051130",
        "value": {
            "medium_age": 40,
            "higher_education_percentage": "16.9920%",
            "average_income_per_person_per_week": 1223,
            "having_children_percentage": "61.0483%",
            "volunteer_total_num": 2621
        }
    }, {
        "key": "206031113",
        "value": {
            "medium_age": 35,
            "higher_education_percentage": "24.1725%",
            "average_income_per_person_per_week": 824,
            "having_children_percentage": "74.4345%",
            "volunteer_total_num": 2484
        }
    }, {
        "key": "206031114",
        "value": {
            "medium_age": 37,
            "higher_education_percentage": "22.6353%",
            "average_income_per_person_per_week": 858,
            "having_children_percentage": "77.0223%",
            "volunteer_total_num": 4600
        }
    }, {
        "key": "206031115",
        "value": {
            "medium_age": 31,
            "higher_education_percentage": "30.5858%",
            "average_income_per_person_per_week": 643,
            "having_children_percentage": "71.5731%",
            "volunteer_total_num": 1641
        }
    }, {
        "key": "206031116",
        "value": {
            "medium_age": 37,
            "higher_education_percentage": "25.1969%",
            "average_income_per_person_per_week": 860,
            "having_children_percentage": "74.0490%",
            "volunteer_total_num": 2344
        }
    }, {
        "key": "206041117",
        "value": {
            "medium_age": 24,
            "higher_education_percentage": "68.4412%",
            "average_income_per_person_per_week": 338,
            "having_children_percentage": "59.6912%",
            "volunteer_total_num": 3918
        }
    }, {
        "key": "206041121",
        "value": {
            "medium_age": 33,
            "higher_education_percentage": "32.9272%",
            "average_income_per_person_per_week": 1012,
            "having_children_percentage": "64.6768%",
            "volunteer_total_num": 2062
        }
    }, {
        "key": "206041122",
        "value": {
            "medium_age": 26,
            "higher_education_percentage": "57.5828%",
            "average_income_per_person_per_week": 434,
            "having_children_percentage": "43.5974%",
            "volunteer_total_num": 5386
        }
    }, {
        "key": "206061135",
        "value": {
            "medium_age": 37,
            "higher_education_percentage": "27.2625%",
            "average_income_per_person_per_week": 1064,
            "having_children_percentage": "65.5391%",
            "volunteer_total_num": 1737
        }
    }, {
        "key": "206041123",
        "value": {
            "medium_age": 28,
            "higher_education_percentage": "47.1424%",
            "average_income_per_person_per_week": 646,
            "having_children_percentage": "58.6322%",
            "volunteer_total_num": 3800
        }
    }, {
        "key": "206041124",
        "value": {
            "medium_age": 26,
            "higher_education_percentage": "67.8806%",
            "average_income_per_person_per_week": 437,
            "having_children_percentage": "57.3355%",
            "volunteer_total_num": 2157
        }
    }, {
        "key": "206051128",
        "value": {
            "medium_age": 40,
            "higher_education_percentage": "22.4983%",
            "average_income_per_person_per_week": 1180,
            "having_children_percentage": "61.6944%",
            "volunteer_total_num": 3021
        }
    }, {
        "key": "206051129",
        "value": {
            "medium_age": 35,
            "higher_education_percentage": "21.7290%",
            "average_income_per_person_per_week": 1164,
            "having_children_percentage": "62.3460%",
            "volunteer_total_num": 2800
        }
    }, {
        "key": "206051131",
        "value": {
            "medium_age": 33,
            "higher_education_percentage": "0.0000%",
            "average_income_per_person_per_week": 1625,
            "having_children_percentage": "100.0000%",
            "volunteer_total_num": 0
        }
    }, {
        "key": "206051132",
        "value": {
            "medium_age": 37,
            "higher_education_percentage": "25.9887%",
            "average_income_per_person_per_week": 1068,
            "having_children_percentage": "56.2028%",
            "volunteer_total_num": 2098
        }
    }, {
        "key": "206051133",
        "value": {
            "medium_age": 34,
            "higher_education_percentage": "23.5516%",
            "average_income_per_person_per_week": 1020,
            "having_children_percentage": "47.0939%",
            "volunteer_total_num": 4250
        }
    }, {
        "key": "206051134",
        "value": {
            "medium_age": 33,
            "higher_education_percentage": "25.4715%",
            "average_income_per_person_per_week": 981,
            "having_children_percentage": "60.9341%",
            "volunteer_total_num": 2900
        }
    }, {
        "key": "206061137",
        "value": {
            "medium_age": 31,
            "higher_education_percentage": "38.8995%",
            "average_income_per_person_per_week": 1104,
            "having_children_percentage": "46.1538%",
            "volunteer_total_num": 3372
        }
    }, {
        "key": "206061138",
        "value": {
            "medium_age": 45,
            "higher_education_percentage": "27.5505%",
            "average_income_per_person_per_week": 1217,
            "having_children_percentage": "62.5468%",
            "volunteer_total_num": 2755
        }
    }, {
        "key": "206071139",
        "value": {
            "medium_age": 32,
            "higher_education_percentage": "35.8164%",
            "average_income_per_person_per_week": 1068,
            "having_children_percentage": "49.7466%",
            "volunteer_total_num": 1506
        }
    }, {
        "key": "206071140",
        "value": {
            "medium_age": 33,
            "higher_education_percentage": "44.3429%",
            "average_income_per_person_per_week": 968,
            "having_children_percentage": "62.0726%",
            "volunteer_total_num": 1963
        }
    }, {
        "key": "206071143",
        "value": {
            "medium_age": 36,
            "higher_education_percentage": "30.1301%",
            "average_income_per_person_per_week": 1001,
            "having_children_percentage": "63.3147%",
            "volunteer_total_num": 2705
        }
    }, {
        "key": "206071144",
        "value": {
            "medium_age": 33,
            "higher_education_percentage": "30.0036%",
            "average_income_per_person_per_week": 1102,
            "having_children_percentage": "58.0598%",
            "volunteer_total_num": 5396
        }
    }, {
        "key": "206071145",
        "value": {
            "medium_age": 36,
            "higher_education_percentage": "26.2805%",
            "average_income_per_person_per_week": 1066,
            "having_children_percentage": "68.7842%",
            "volunteer_total_num": 2059
        }
    }, {
        "key": "207011146",
        "value": {
            "medium_age": 39,
            "higher_education_percentage": "20.1215%",
            "average_income_per_person_per_week": 818,
            "having_children_percentage": "82.8688%",
            "volunteer_total_num": 1696
        }
    }, {
        "key": "207011147",
        "value": {
            "medium_age": 43,
            "higher_education_percentage": "26.0694%",
            "average_income_per_person_per_week": 723,
            "having_children_percentage": "79.0171%",
            "volunteer_total_num": 3255
        }
    }, {
        "key": "207011149",
        "value": {
            "medium_age": 41,
            "higher_education_percentage": "25.9793%",
            "average_income_per_person_per_week": 854,
            "having_children_percentage": "78.1903%",
            "volunteer_total_num": 4761
        }
    }, {
        "key": "207011148",
        "value": {
            "medium_age": 41,
            "higher_education_percentage": "22.9775%",
            "average_income_per_person_per_week": 702,
            "having_children_percentage": "83.2258%",
            "volunteer_total_num": 3735
        }
    }, {
        "key": "207011153",
        "value": {
            "medium_age": 39,
            "higher_education_percentage": "26.2711%",
            "average_income_per_person_per_week": 922,
            "having_children_percentage": "75.9703%",
            "volunteer_total_num": 5361
        }
    }, {
        "key": "207011150",
        "value": {
            "medium_age": 39,
            "higher_education_percentage": "22.0922%",
            "average_income_per_person_per_week": 965,
            "having_children_percentage": "80.2100%",
            "volunteer_total_num": 3749
        }
    }, {
        "key": "207011151",
        "value": {
            "medium_age": 32,
            "higher_education_percentage": "41.6243%",
            "average_income_per_person_per_week": 953,
            "having_children_percentage": "66.4748%",
            "volunteer_total_num": 4958
        }
    }, {
        "key": "207011152",
        "value": {
            "medium_age": 34,
            "higher_education_percentage": "32.5495%",
            "average_income_per_person_per_week": 971,
            "having_children_percentage": "69.9933%",
            "volunteer_total_num": 3223
        }
    }, {
        "key": "207011154",
        "value": {
            "medium_age": 40,
            "higher_education_percentage": "20.8727%",
            "average_income_per_person_per_week": 840,
            "having_children_percentage": "80.3840%",
            "volunteer_total_num": 1314
        }
    }, {
        "key": "207011155",
        "value": {
            "medium_age": 42,
            "higher_education_percentage": "23.2123%",
            "average_income_per_person_per_week": 910,
            "having_children_percentage": "78.8367%",
            "volunteer_total_num": 3948
        }
    }, {
        "key": "207021156",
        "value": {
            "medium_age": 44,
            "higher_education_percentage": "22.2480%",
            "average_income_per_person_per_week": 604,
            "having_children_percentage": "73.4115%",
            "volunteer_total_num": 1518
        }
    }, {
        "key": "207021157",
        "value": {
            "medium_age": 42,
            "higher_education_percentage": "26.4711%",
            "average_income_per_person_per_week": 572,
            "having_children_percentage": "71.1874%",
            "volunteer_total_num": 3200
        }
    }, {
        "key": "207021159",
        "value": {
            "medium_age": 45,
            "higher_education_percentage": "21.2134%",
            "average_income_per_person_per_week": 682,
            "having_children_percentage": "76.0662%",
            "volunteer_total_num": 2579
        }
    }, {
        "key": "207021160",
        "value": {
            "medium_age": 44,
            "higher_education_percentage": "18.5456%",
            "average_income_per_person_per_week": 636,
            "having_children_percentage": "75.8867%",
            "volunteer_total_num": 2166
        }
    }, {
        "key": "207021424",
        "value": {
            "medium_age": 42,
            "higher_education_percentage": "23.8213%",
            "average_income_per_person_per_week": 593,
            "having_children_percentage": "78.8666%",
            "volunteer_total_num": 2561
        }
    }, {
        "key": "207021425",
        "value": {
            "medium_age": 40,
            "higher_education_percentage": "19.4165%",
            "average_income_per_person_per_week": 547,
            "having_children_percentage": "75.8709%",
            "volunteer_total_num": 2013
        }
    }, {
        "key": "207031161",
        "value": {
            "medium_age": 39,
            "higher_education_percentage": "21.5847%",
            "average_income_per_person_per_week": 709,
            "having_children_percentage": "77.8013%",
            "volunteer_total_num": 4497
        }
    }, {
        "key": "207031163",
        "value": {
            "medium_age": 33,
            "higher_education_percentage": "33.8110%",
            "average_income_per_person_per_week": 522,
            "having_children_percentage": "74.1176%",
            "volunteer_total_num": 3278
        }
    }, {
        "key": "208021177",
        "value": {
            "medium_age": 34,
            "higher_education_percentage": "28.3880%",
            "average_income_per_person_per_week": 872,
            "having_children_percentage": "72.6542%",
            "volunteer_total_num": 4764
        }
    }, {
        "key": "207031164",
        "value": {
            "medium_age": 38,
            "higher_education_percentage": "24.3082%",
            "average_income_per_person_per_week": 633,
            "having_children_percentage": "78.0792%",
            "volunteer_total_num": 3133
        }
    }, {
        "key": "207031165",
        "value": {
            "medium_age": 29,
            "higher_education_percentage": "54.9606%",
            "average_income_per_person_per_week": 417,
            "having_children_percentage": "73.7742%",
            "volunteer_total_num": 2288
        }
    }, {
        "key": "207031166",
        "value": {
            "medium_age": 40,
            "higher_education_percentage": "33.4814%",
            "average_income_per_person_per_week": 514,
            "having_children_percentage": "74.7238%",
            "volunteer_total_num": 1622
        }
    }, {
        "key": "208021426",
        "value": {
            "medium_age": 39,
            "higher_education_percentage": "15.7009%",
            "average_income_per_person_per_week": 708,
            "having_children_percentage": "81.4656%",
            "volunteer_total_num": 2146
        }
    }, {
        "key": "208011168",
        "value": {
            "medium_age": 46,
            "higher_education_percentage": "17.0934%",
            "average_income_per_person_per_week": 867,
            "having_children_percentage": "76.6555%",
            "volunteer_total_num": 2774
        }
    }, {
        "key": "208021178",
        "value": {
            "medium_age": 41,
            "higher_education_percentage": "24.7076%",
            "average_income_per_person_per_week": 835,
            "having_children_percentage": "74.9195%",
            "volunteer_total_num": 3218
        }
    }, {
        "key": "208011169",
        "value": {
            "medium_age": 45,
            "higher_education_percentage": "18.4472%",
            "average_income_per_person_per_week": 1051,
            "having_children_percentage": "74.0029%",
            "volunteer_total_num": 4666
        }
    }, {
        "key": "208021179",
        "value": {
            "medium_age": 37,
            "higher_education_percentage": "20.7456%",
            "average_income_per_person_per_week": 963,
            "having_children_percentage": "72.1202%",
            "volunteer_total_num": 2202
        }
    }, {
        "key": "208011173",
        "value": {
            "medium_age": 45,
            "higher_education_percentage": "16.7344%",
            "average_income_per_person_per_week": 927,
            "having_children_percentage": "74.4181%",
            "volunteer_total_num": 3333
        }
    }, {
        "key": "208031185",
        "value": {
            "medium_age": 43,
            "higher_education_percentage": "12.2155%",
            "average_income_per_person_per_week": 754,
            "having_children_percentage": "72.8372%",
            "volunteer_total_num": 1650
        }
    }, {
        "key": "208031186",
        "value": {
            "medium_age": 40,
            "higher_education_percentage": "12.6660%",
            "average_income_per_person_per_week": 756,
            "having_children_percentage": "71.0025%",
            "volunteer_total_num": 2005
        }
    }, {
        "key": "208031188",
        "value": {
            "medium_age": 40,
            "higher_education_percentage": "15.6126%",
            "average_income_per_person_per_week": 708,
            "having_children_percentage": "75.4892%",
            "volunteer_total_num": 3165
        }
    }, {
        "key": "208031190",
        "value": {
            "medium_age": 41,
            "higher_education_percentage": "17.8571%",
            "average_income_per_person_per_week": 784,
            "having_children_percentage": "72.2479%",
            "volunteer_total_num": 2182
        }
    }, {
        "key": "208031189",
        "value": {
            "medium_age": 40,
            "higher_education_percentage": "13.7008%",
            "average_income_per_person_per_week": 790,
            "having_children_percentage": "76.7400%",
            "volunteer_total_num": 2126
        }
    }, {
        "key": "209011196",
        "value": {
            "medium_age": 39,
            "higher_education_percentage": "28.1374%",
            "average_income_per_person_per_week": 545,
            "having_children_percentage": "75.3527%",
            "volunteer_total_num": 1287
        }
    }, {
        "key": "208031191",
        "value": {
            "medium_age": 39,
            "higher_education_percentage": "13.7844%",
            "average_income_per_person_per_week": 701,
            "having_children_percentage": "77.8100%",
            "volunteer_total_num": 1179
        }
    }, {
        "key": "208031192",
        "value": {
            "medium_age": 0,
            "higher_education_percentage": null,
            "average_income_per_person_per_week": 0,
            "having_children_percentage": null,
            "volunteer_total_num": 0
        }
    }, {
        "key": "209011197",
        "value": {
            "medium_age": 40,
            "higher_education_percentage": "16.8425%",
            "average_income_per_person_per_week": 751,
            "having_children_percentage": "77.0028%",
            "volunteer_total_num": 3354
        }
    }, {
        "key": "209011204",
        "value": {
            "medium_age": 39,
            "higher_education_percentage": "15.7195%",
            "average_income_per_person_per_week": 692,
            "having_children_percentage": "76.0279%",
            "volunteer_total_num": 1403
        }
    }, {
        "key": "208031193",
        "value": {
            "medium_age": 40,
            "higher_education_percentage": "15.4740%",
            "average_income_per_person_per_week": 807,
            "having_children_percentage": "77.3296%",
            "volunteer_total_num": 3427
        }
    }, {
        "key": "209021205",
        "value": {
            "medium_age": 28,
            "higher_education_percentage": "51.3269%",
            "average_income_per_person_per_week": 437,
            "having_children_percentage": "76.4016%",
            "volunteer_total_num": 1739
        }
    }, {
        "key": "209021207",
        "value": {
            "medium_age": 36,
            "higher_education_percentage": "21.8518%",
            "average_income_per_person_per_week": 537,
            "having_children_percentage": "74.2619%",
            "volunteer_total_num": 2762
        }
    }, {
        "key": "209021208",
        "value": {
            "medium_age": 38,
            "higher_education_percentage": "19.2775%",
            "average_income_per_person_per_week": 545,
            "having_children_percentage": "75.4873%",
            "volunteer_total_num": 2304
        }
    }, {
        "key": "210011227",
        "value": {
            "medium_age": 0,
            "higher_education_percentage": null,
            "average_income_per_person_per_week": 0,
            "having_children_percentage": null,
            "volunteer_total_num": 0
        }
    }, {
        "key": "208041194",
        "value": {
            "medium_age": 37,
            "higher_education_percentage": "25.4801%",
            "average_income_per_person_per_week": 1041,
            "having_children_percentage": "72.5840%",
            "volunteer_total_num": 4163
        }
    }, {
        "key": "209021429",
        "value": {
            "medium_age": 37,
            "higher_education_percentage": "23.8134%",
            "average_income_per_person_per_week": 666,
            "having_children_percentage": "76.6474%",
            "volunteer_total_num": 1781
        }
    }, {
        "key": "208041195",
        "value": {
            "medium_age": 36,
            "higher_education_percentage": "34.0642%",
            "average_income_per_person_per_week": 787,
            "having_children_percentage": "77.5793%",
            "volunteer_total_num": 4277
        }
    }, {
        "key": "209031209",
        "value": {
            "medium_age": 41,
            "higher_education_percentage": "16.6853%",
            "average_income_per_person_per_week": 807,
            "having_children_percentage": "80.1645%",
            "volunteer_total_num": 4496
        }
    }, {
        "key": "209031210",
        "value": {
            "medium_age": 40,
            "higher_education_percentage": "15.0362%",
            "average_income_per_person_per_week": 730,
            "having_children_percentage": "80.4172%",
            "volunteer_total_num": 711
        }
    }, {
        "key": "209031211",
        "value": {
            "medium_age": 41,
            "higher_education_percentage": "7.7419%",
            "average_income_per_person_per_week": 657,
            "having_children_percentage": "74.6706%",
            "volunteer_total_num": 755
        }
    }, {
        "key": "209031212",
        "value": {
            "medium_age": 44,
            "higher_education_percentage": "11.1568%",
            "average_income_per_person_per_week": 733,
            "having_children_percentage": "76.0048%",
            "volunteer_total_num": 1237
        }
    }, {
        "key": "209031213",
        "value": {
            "medium_age": 40,
            "higher_education_percentage": "16.0544%",
            "average_income_per_person_per_week": 784,
            "having_children_percentage": "80.8956%",
            "volunteer_total_num": 1473
        }
    }, {
        "key": "209031214",
        "value": {
            "medium_age": 41,
            "higher_education_percentage": "16.2966%",
            "average_income_per_person_per_week": 842,
            "having_children_percentage": "78.8127%",
            "volunteer_total_num": 1534
        }
    }, {
        "key": "209011198",
        "value": {
            "medium_age": 39,
            "higher_education_percentage": "21.3519%",
            "average_income_per_person_per_week": 776,
            "having_children_percentage": "75.5051%",
            "volunteer_total_num": 2732
        }
    }, {
        "key": "209041217",
        "value": {
            "medium_age": 39,
            "higher_education_percentage": "33.4428%",
            "average_income_per_person_per_week": 494,
            "having_children_percentage": "71.4758%",
            "volunteer_total_num": 657
        }
    }, {
        "key": "209041219",
        "value": {
            "medium_age": 37,
            "higher_education_percentage": "14.4912%",
            "average_income_per_person_per_week": 447,
            "having_children_percentage": "77.9977%",
            "volunteer_total_num": 1399
        }
    }, {
        "key": "209011199",
        "value": {
            "medium_age": 35,
            "higher_education_percentage": "18.7688%",
            "average_income_per_person_per_week": 555,
            "having_children_percentage": "77.7143%",
            "volunteer_total_num": 1766
        }
    }, {
        "key": "209011200",
        "value": {
            "medium_age": 39,
            "higher_education_percentage": "24.9854%",
            "average_income_per_person_per_week": 874,
            "having_children_percentage": "76.3905%",
            "volunteer_total_num": 2203
        }
    }, {
        "key": "209011201",
        "value": {
            "medium_age": 44,
            "higher_education_percentage": "22.7984%",
            "average_income_per_person_per_week": 948,
            "having_children_percentage": "78.0102%",
            "volunteer_total_num": 1628
        }
    }, {
        "key": "209011202",
        "value": {
            "medium_age": 41,
            "higher_education_percentage": "15.9564%",
            "average_income_per_person_per_week": 786,
            "having_children_percentage": "74.7156%",
            "volunteer_total_num": 3002
        }
    }, {
        "key": "209011203",
        "value": {
            "medium_age": 40,
            "higher_education_percentage": "17.4267%",
            "average_income_per_person_per_week": 737,
            "having_children_percentage": "76.7994%",
            "volunteer_total_num": 3034
        }
    }, {
        "key": "209021428",
        "value": {
            "medium_age": 35,
            "higher_education_percentage": "25.1041%",
            "average_income_per_person_per_week": 625,
            "having_children_percentage": "72.7591%",
            "volunteer_total_num": 2485
        }
    }, {
        "key": "209031215",
        "value": {
            "medium_age": 38,
            "higher_education_percentage": "15.9172%",
            "average_income_per_person_per_week": 765,
            "having_children_percentage": "82.1692%",
            "volunteer_total_num": 2333
        }
    }, {
        "key": "209041431",
        "value": {
            "medium_age": 35,
            "higher_education_percentage": "13.5032%",
            "average_income_per_person_per_week": 562,
            "having_children_percentage": "82.9181%",
            "volunteer_total_num": 1114
        }
    }, {
        "key": "209041432",
        "value": {
            "medium_age": 36,
            "higher_education_percentage": "15.1143%",
            "average_income_per_person_per_week": 502,
            "having_children_percentage": "78.8940%",
            "volunteer_total_num": 669
        }
    }, {
        "key": "209041216",
        "value": {
            "medium_age": 31,
            "higher_education_percentage": "40.3540%",
            "average_income_per_person_per_week": 558,
            "having_children_percentage": "78.6738%",
            "volunteer_total_num": 956
        }
    }, {
        "key": "209041433",
        "value": {
            "medium_age": 31,
            "higher_education_percentage": "14.0169%",
            "average_income_per_person_per_week": 676,
            "having_children_percentage": "86.9388%",
            "volunteer_total_num": 846
        }
    }, {
        "key": "209041434",
        "value": {
            "medium_age": 31,
            "higher_education_percentage": "11.0406%",
            "average_income_per_person_per_week": 776,
            "having_children_percentage": "82.4699%",
            "volunteer_total_num": 1412
        }
    }, {
        "key": "209041435",
        "value": {
            "medium_age": 32,
            "higher_education_percentage": "12.0868%",
            "average_income_per_person_per_week": 761,
            "having_children_percentage": "86.6141%",
            "volunteer_total_num": 1046
        }
    }, {
        "key": "209041220",
        "value": {
            "medium_age": 38,
            "higher_education_percentage": "18.7345%",
            "average_income_per_person_per_week": 591,
            "having_children_percentage": "82.1506%",
            "volunteer_total_num": 1714
        }
    }, {
        "key": "209041221",
        "value": {
            "medium_age": 36,
            "higher_education_percentage": "19.6248%",
            "average_income_per_person_per_week": 586,
            "having_children_percentage": "80.5930%",
            "volunteer_total_num": 1218
        }
    }, {
        "key": "210011226",
        "value": {
            "medium_age": 40,
            "higher_education_percentage": "14.7107%",
            "average_income_per_person_per_week": 683,
            "having_children_percentage": "73.5577%",
            "volunteer_total_num": 803
        }
    }, {
        "key": "209041223",
        "value": {
            "medium_age": 38,
            "higher_education_percentage": "16.1574%",
            "average_income_per_person_per_week": 425,
            "having_children_percentage": "77.1843%",
            "volunteer_total_num": 1367
        }
    }, {
        "key": "209041224",
        "value": {
            "medium_age": 34,
            "higher_education_percentage": "7.1672%",
            "average_income_per_person_per_week": 714,
            "having_children_percentage": "80.3491%",
            "volunteer_total_num": 1860
        }
    }, {
        "key": "209041225",
        "value": {
            "medium_age": 41,
            "higher_education_percentage": "8.0897%",
            "average_income_per_person_per_week": 637,
            "having_children_percentage": "77.7710%",
            "volunteer_total_num": 1306
        }
    }, {
        "key": "209041430",
        "value": {
            "medium_age": 31,
            "higher_education_percentage": "10.2264%",
            "average_income_per_person_per_week": 794,
            "having_children_percentage": "83.9730%",
            "volunteer_total_num": 2480
        }
    }, {
        "key": "209041436",
        "value": {
            "medium_age": 36,
            "higher_education_percentage": "13.9955%",
            "average_income_per_person_per_week": 653,
            "having_children_percentage": "82.8251%",
            "volunteer_total_num": 1214
        }
    }, {
        "key": "209041437",
        "value": {
            "medium_age": 30,
            "higher_education_percentage": "13.5086%",
            "average_income_per_person_per_week": 708,
            "having_children_percentage": "82.5341%",
            "volunteer_total_num": 632
        }
    }, {
        "key": "210011228",
        "value": {
            "medium_age": 44,
            "higher_education_percentage": "15.8983%",
            "average_income_per_person_per_week": 644,
            "having_children_percentage": "74.9197%",
            "volunteer_total_num": 1117
        }
    }, {
        "key": "210011229",
        "value": {
            "medium_age": 43,
            "higher_education_percentage": "15.7020%",
            "average_income_per_person_per_week": 572,
            "having_children_percentage": "75.4779%",
            "volunteer_total_num": 2931
        }
    }, {
        "key": "210011230",
        "value": {
            "medium_age": 39,
            "higher_education_percentage": "17.4109%",
            "average_income_per_person_per_week": 764,
            "having_children_percentage": "79.2958%",
            "volunteer_total_num": 998
        }
    }, {
        "key": "210011231",
        "value": {
            "medium_age": 40,
            "higher_education_percentage": "17.7734%",
            "average_income_per_person_per_week": 817,
            "having_children_percentage": "80.8628%",
            "volunteer_total_num": 1496
        }
    }, {
        "key": "210021232",
        "value": {
            "medium_age": 39,
            "higher_education_percentage": "10.7575%",
            "average_income_per_person_per_week": 749,
            "having_children_percentage": "77.5374%",
            "volunteer_total_num": 2382
        }
    }, {
        "key": "212031300",
        "value": {
            "medium_age": 34,
            "higher_education_percentage": "8.2594%",
            "average_income_per_person_per_week": 593,
            "having_children_percentage": "80.5986%",
            "volunteer_total_num": 1824
        }
    }, {
        "key": "212031301",
        "value": {
            "medium_age": 31,
            "higher_education_percentage": "9.9034%",
            "average_income_per_person_per_week": 744,
            "having_children_percentage": "81.3550%",
            "volunteer_total_num": 2282
        }
    }, {
        "key": "210021233",
        "value": {
            "medium_age": 44,
            "higher_education_percentage": "11.3430%",
            "average_income_per_person_per_week": 796,
            "having_children_percentage": "71.4182%",
            "volunteer_total_num": 739
        }
    }, {
        "key": "210021234",
        "value": {
            "medium_age": 42,
            "higher_education_percentage": "11.8174%",
            "average_income_per_person_per_week": 750,
            "having_children_percentage": "77.0950%",
            "volunteer_total_num": 885
        }
    }, {
        "key": "210021235",
        "value": {
            "medium_age": 42,
            "higher_education_percentage": "7.4126%",
            "average_income_per_person_per_week": 668,
            "having_children_percentage": "73.7023%",
            "volunteer_total_num": 1762
        }
    }, {
        "key": "210031236",
        "value": {
            "medium_age": 37,
            "higher_education_percentage": "23.4891%",
            "average_income_per_person_per_week": 639,
            "having_children_percentage": "74.9233%",
            "volunteer_total_num": 981
        }
    }, {
        "key": "210031237",
        "value": {
            "medium_age": 34,
            "higher_education_percentage": "16.3971%",
            "average_income_per_person_per_week": 451,
            "having_children_percentage": "82.0407%",
            "volunteer_total_num": 1090
        }
    }, {
        "key": "210031438",
        "value": {
            "medium_age": 34,
            "higher_education_percentage": "19.0954%",
            "average_income_per_person_per_week": 540,
            "having_children_percentage": "75.8987%",
            "volunteer_total_num": 1964
        }
    }, {
        "key": "210031239",
        "value": {
            "medium_age": 35,
            "higher_education_percentage": "19.3135%",
            "average_income_per_person_per_week": 738,
            "having_children_percentage": "75.0593%",
            "volunteer_total_num": 2941
        }
    }, {
        "key": "210031439",
        "value": {
            "medium_age": 37,
            "higher_education_percentage": "12.7811%",
            "average_income_per_person_per_week": 802,
            "having_children_percentage": "77.5628%",
            "volunteer_total_num": 393
        }
    }, {
        "key": "210051242",
        "value": {
            "medium_age": 31,
            "higher_education_percentage": "12.8626%",
            "average_income_per_person_per_week": 404,
            "having_children_percentage": "84.9729%",
            "volunteer_total_num": 918
        }
    }, {
        "key": "210051247",
        "value": {
            "medium_age": 31,
            "higher_education_percentage": "12.7698%",
            "average_income_per_person_per_week": 375,
            "having_children_percentage": "88.6795%",
            "volunteer_total_num": 950
        }
    }, {
        "key": "210051248",
        "value": {
            "medium_age": 36,
            "higher_education_percentage": "2.6549%",
            "average_income_per_person_per_week": 919,
            "having_children_percentage": "64.0000%",
            "volunteer_total_num": 14
        }
    }, {
        "key": "210051243",
        "value": {
            "medium_age": 33,
            "higher_education_percentage": "12.0332%",
            "average_income_per_person_per_week": 377,
            "having_children_percentage": "85.6843%",
            "volunteer_total_num": 982
        }
    }, {
        "key": "210051245",
        "value": {
            "medium_age": 41,
            "higher_education_percentage": "14.3179%",
            "average_income_per_person_per_week": 588,
            "having_children_percentage": "77.8558%",
            "volunteer_total_num": 1796
        }
    }, {
        "key": "210051246",
        "value": {
            "medium_age": 35,
            "higher_education_percentage": "17.3406%",
            "average_income_per_person_per_week": 668,
            "having_children_percentage": "84.2919%",
            "volunteer_total_num": 1541
        }
    }, {
        "key": "211031452",
        "value": {
            "medium_age": 37,
            "higher_education_percentage": "13.2771%",
            "average_income_per_person_per_week": 683,
            "having_children_percentage": "76.0809%",
            "volunteer_total_num": 762
        }
    }, {
        "key": "210051249",
        "value": {
            "medium_age": 29,
            "higher_education_percentage": "13.5585%",
            "average_income_per_person_per_week": 404,
            "having_children_percentage": "91.4258%",
            "volunteer_total_num": 1617
        }
    }, {
        "key": "210051250",
        "value": {
            "medium_age": 38,
            "higher_education_percentage": "13.7376%",
            "average_income_per_person_per_week": 621,
            "having_children_percentage": "72.7993%",
            "volunteer_total_num": 594
        }
    }, {
        "key": "210051441",
        "value": {
            "medium_age": 33,
            "higher_education_percentage": "10.8139%",
            "average_income_per_person_per_week": 562,
            "having_children_percentage": "84.3922%",
            "volunteer_total_num": 785
        }
    }, {
        "key": "210051442",
        "value": {
            "medium_age": 29,
            "higher_education_percentage": "11.5723%",
            "average_income_per_person_per_week": 675,
            "having_children_percentage": "89.3405%",
            "volunteer_total_num": 995
        }
    }, {
        "key": "210051444",
        "value": {
            "medium_age": 29,
            "higher_education_percentage": "12.1765%",
            "average_income_per_person_per_week": 652,
            "having_children_percentage": "84.6718%",
            "volunteer_total_num": 1052
        }
    }, {
        "key": "210051445",
        "value": {
            "medium_age": 31,
            "higher_education_percentage": "15.0905%",
            "average_income_per_person_per_week": 767,
            "having_children_percentage": "79.0182%",
            "volunteer_total_num": 309
        }
    }, {
        "key": "211011251",
        "value": {
            "medium_age": 38,
            "higher_education_percentage": "14.9800%",
            "average_income_per_person_per_week": 640,
            "having_children_percentage": "74.8409%",
            "volunteer_total_num": 1738
        }
    }, {
        "key": "211011254",
        "value": {
            "medium_age": 38,
            "higher_education_percentage": "17.0810%",
            "average_income_per_person_per_week": 642,
            "having_children_percentage": "77.6643%",
            "volunteer_total_num": 2515
        }
    }, {
        "key": "210051443",
        "value": {
            "medium_age": 31,
            "higher_education_percentage": "13.8276%",
            "average_income_per_person_per_week": 579,
            "having_children_percentage": "85.3553%",
            "volunteer_total_num": 1371
        }
    }, {
        "key": "211011255",
        "value": {
            "medium_age": 39,
            "higher_education_percentage": "17.7470%",
            "average_income_per_person_per_week": 762,
            "having_children_percentage": "84.8449%",
            "volunteer_total_num": 1022
        }
    }, {
        "key": "211011257",
        "value": {
            "medium_age": 38,
            "higher_education_percentage": "15.8826%",
            "average_income_per_person_per_week": 697,
            "having_children_percentage": "83.1422%",
            "volunteer_total_num": 1236
        }
    }, {
        "key": "211011258",
        "value": {
            "medium_age": 39,
            "higher_education_percentage": "18.3812%",
            "average_income_per_person_per_week": 724,
            "having_children_percentage": "81.6535%",
            "volunteer_total_num": 1548
        }
    }, {
        "key": "211011259",
        "value": {
            "medium_age": 42,
            "higher_education_percentage": "17.7883%",
            "average_income_per_person_per_week": 636,
            "having_children_percentage": "75.9242%",
            "volunteer_total_num": 2306
        }
    }, {
        "key": "211011260",
        "value": {
            "medium_age": 43,
            "higher_education_percentage": "23.0484%",
            "average_income_per_person_per_week": 612,
            "having_children_percentage": "77.7748%",
            "volunteer_total_num": 3092
        }
    }, {
        "key": "211011256",
        "value": {
            "medium_age": 38,
            "higher_education_percentage": "18.2623%",
            "average_income_per_person_per_week": 688,
            "having_children_percentage": "81.4057%",
            "volunteer_total_num": 2255
        }
    }, {
        "key": "211011446",
        "value": {
            "medium_age": 39,
            "higher_education_percentage": "12.3852%",
            "average_income_per_person_per_week": 658,
            "having_children_percentage": "73.7466%",
            "volunteer_total_num": 3256
        }
    }, {
        "key": "211011447",
        "value": {
            "medium_age": 40,
            "higher_education_percentage": "12.4478%",
            "average_income_per_person_per_week": 657,
            "having_children_percentage": "75.1231%",
            "volunteer_total_num": 2259
        }
    }, {
        "key": "211031265",
        "value": {
            "medium_age": 39,
            "higher_education_percentage": "16.7558%",
            "average_income_per_person_per_week": 751,
            "having_children_percentage": "81.2097%",
            "volunteer_total_num": 3323
        }
    }, {
        "key": "211031266",
        "value": {
            "medium_age": 37,
            "higher_education_percentage": "16.9556%",
            "average_income_per_person_per_week": 654,
            "having_children_percentage": "74.7445%",
            "volunteer_total_num": 2842
        }
    }, {
        "key": "211011448",
        "value": {
            "medium_age": 38,
            "higher_education_percentage": "12.7483%",
            "average_income_per_person_per_week": 672,
            "having_children_percentage": "77.9053%",
            "volunteer_total_num": 2190
        }
    }, {
        "key": "211031267",
        "value": {
            "medium_age": 39,
            "higher_education_percentage": "15.4332%",
            "average_income_per_person_per_week": 709,
            "having_children_percentage": "76.3959%",
            "volunteer_total_num": 3806
        }
    }, {
        "key": "211031268",
        "value": {
            "medium_age": 41,
            "higher_education_percentage": "17.3790%",
            "average_income_per_person_per_week": 732,
            "having_children_percentage": "77.4960%",
            "volunteer_total_num": 1858
        }
    }, {
        "key": "211011449",
        "value": {
            "medium_age": 38,
            "higher_education_percentage": "11.5108%",
            "average_income_per_person_per_week": 718,
            "having_children_percentage": "77.3097%",
            "volunteer_total_num": 749
        }
    }, {
        "key": "211021261",
        "value": {
            "medium_age": 43,
            "higher_education_percentage": "19.0089%",
            "average_income_per_person_per_week": 706,
            "having_children_percentage": "79.0627%",
            "volunteer_total_num": 2990
        }
    }, {
        "key": "211021262",
        "value": {
            "medium_age": 43,
            "higher_education_percentage": "16.0084%",
            "average_income_per_person_per_week": 778,
            "having_children_percentage": "80.2702%",
            "volunteer_total_num": 2113
        }
    }, {
        "key": "211031450",
        "value": {
            "medium_age": 37,
            "higher_education_percentage": "12.0506%",
            "average_income_per_person_per_week": 689,
            "having_children_percentage": "73.1110%",
            "volunteer_total_num": 2315
        }
    }, {
        "key": "211031451",
        "value": {
            "medium_age": 40,
            "higher_education_percentage": "14.5475%",
            "average_income_per_person_per_week": 646,
            "having_children_percentage": "75.2843%",
            "volunteer_total_num": 2201
        }
    }, {
        "key": "211031263",
        "value": {
            "medium_age": 37,
            "higher_education_percentage": "11.7681%",
            "average_income_per_person_per_week": 711,
            "having_children_percentage": "80.0875%",
            "volunteer_total_num": 1723
        }
    }, {
        "key": "211041269",
        "value": {
            "medium_age": 40,
            "higher_education_percentage": "19.7954%",
            "average_income_per_person_per_week": 582,
            "having_children_percentage": "76.3048%",
            "volunteer_total_num": 1762
        }
    }, {
        "key": "211041270",
        "value": {
            "medium_age": 38,
            "higher_education_percentage": "18.5088%",
            "average_income_per_person_per_week": 747,
            "having_children_percentage": "74.8624%",
            "volunteer_total_num": 3131
        }
    }, {
        "key": "211041272",
        "value": {
            "medium_age": 40,
            "higher_education_percentage": "16.2923%",
            "average_income_per_person_per_week": 686,
            "having_children_percentage": "79.2023%",
            "volunteer_total_num": 1979
        }
    }, {
        "key": "211041273",
        "value": {
            "medium_age": 45,
            "higher_education_percentage": "24.1441%",
            "average_income_per_person_per_week": 590,
            "having_children_percentage": "75.0953%",
            "volunteer_total_num": 2247
        }
    }, {
        "key": "211041271",
        "value": {
            "medium_age": 38,
            "higher_education_percentage": "18.1945%",
            "average_income_per_person_per_week": 663,
            "having_children_percentage": "76.0862%",
            "volunteer_total_num": 2122
        }
    }, {
        "key": "211051274",
        "value": {
            "medium_age": 39,
            "higher_education_percentage": "13.5390%",
            "average_income_per_person_per_week": 723,
            "having_children_percentage": "78.2552%",
            "volunteer_total_num": 2011
        }
    }, {
        "key": "211051275",
        "value": {
            "medium_age": 39,
            "higher_education_percentage": "13.8909%",
            "average_income_per_person_per_week": 688,
            "having_children_percentage": "75.2195%",
            "volunteer_total_num": 1521
        }
    }, {
        "key": "211051276",
        "value": {
            "medium_age": 43,
            "higher_education_percentage": "7.5140%",
            "average_income_per_person_per_week": 613,
            "having_children_percentage": "72.0996%",
            "volunteer_total_num": 2453
        }
    }, {
        "key": "211051277",
        "value": {
            "medium_age": 40,
            "higher_education_percentage": "10.8714%",
            "average_income_per_person_per_week": 655,
            "having_children_percentage": "73.5044%",
            "volunteer_total_num": 1280
        }
    }, {
        "key": "211051278",
        "value": {
            "medium_age": 39,
            "higher_education_percentage": "10.7163%",
            "average_income_per_person_per_week": 665,
            "having_children_percentage": "75.8634%",
            "volunteer_total_num": 3000
        }
    }, {
        "key": "211051279",
        "value": {
            "medium_age": 42,
            "higher_education_percentage": "10.4129%",
            "average_income_per_person_per_week": 635,
            "having_children_percentage": "75.1169%",
            "volunteer_total_num": 1125
        }
    }, {
        "key": "211051280",
        "value": {
            "medium_age": 41,
            "higher_education_percentage": "10.4935%",
            "average_income_per_person_per_week": 691,
            "having_children_percentage": "76.8087%",
            "volunteer_total_num": 1122
        }
    }, {
        "key": "211051281",
        "value": {
            "medium_age": 36,
            "higher_education_percentage": "12.2619%",
            "average_income_per_person_per_week": 687,
            "having_children_percentage": "78.7969%",
            "volunteer_total_num": 3385
        }
    }, {
        "key": "211051282",
        "value": {
            "medium_age": 44,
            "higher_education_percentage": "13.7255%",
            "average_income_per_person_per_week": 728,
            "having_children_percentage": "71.3793%",
            "volunteer_total_num": 2203
        }
    }, {
        "key": "212011291",
        "value": {
            "medium_age": 30,
            "higher_education_percentage": "9.3429%",
            "average_income_per_person_per_week": 684,
            "having_children_percentage": "78.9596%",
            "volunteer_total_num": 1950
        }
    }, {
        "key": "211051283",
        "value": {
            "medium_age": 37,
            "higher_education_percentage": "10.1619%",
            "average_income_per_person_per_week": 678,
            "having_children_percentage": "78.4275%",
            "volunteer_total_num": 1759
        }
    }, {
        "key": "212021454",
        "value": {
            "medium_age": 38,
            "higher_education_percentage": "17.3340%",
            "average_income_per_person_per_week": 561,
            "having_children_percentage": "79.2603%",
            "volunteer_total_num": 1594
        }
    }, {
        "key": "212031306",
        "value": {
            "medium_age": 32,
            "higher_education_percentage": "13.7493%",
            "average_income_per_person_per_week": 732,
            "having_children_percentage": "86.7866%",
            "volunteer_total_num": 1508
        }
    }, {
        "key": "212031308",
        "value": {
            "medium_age": 40,
            "higher_education_percentage": "7.9794%",
            "average_income_per_person_per_week": 651,
            "having_children_percentage": "77.1245%",
            "volunteer_total_num": 1065
        }
    }, {
        "key": "211051284",
        "value": {
            "medium_age": 40,
            "higher_education_percentage": "15.7951%",
            "average_income_per_person_per_week": 753,
            "having_children_percentage": "77.6926%",
            "volunteer_total_num": 1838
        }
    }, {
        "key": "211051285",
        "value": {
            "medium_age": 38,
            "higher_education_percentage": "8.2593%",
            "average_income_per_person_per_week": 686,
            "having_children_percentage": "76.9994%",
            "volunteer_total_num": 1327
        }
    }, {
        "key": "211051286",
        "value": {
            "medium_age": 42,
            "higher_education_percentage": "6.4955%",
            "average_income_per_person_per_week": 566,
            "having_children_percentage": "74.1360%",
            "volunteer_total_num": 2678
        }
    }, {
        "key": "212011287",
        "value": {
            "medium_age": 33,
            "higher_education_percentage": "12.9698%",
            "average_income_per_person_per_week": 792,
            "having_children_percentage": "80.7614%",
            "volunteer_total_num": 1874
        }
    }, {
        "key": "212011288",
        "value": {
            "medium_age": 42,
            "higher_education_percentage": "8.2873%",
            "average_income_per_person_per_week": 632,
            "having_children_percentage": "75.5128%",
            "volunteer_total_num": 1672
        }
    }, {
        "key": "212011289",
        "value": {
            "medium_age": 40,
            "higher_education_percentage": "9.8381%",
            "average_income_per_person_per_week": 700,
            "having_children_percentage": "77.5555%",
            "volunteer_total_num": 3369
        }
    }, {
        "key": "212011290",
        "value": {
            "medium_age": 39,
            "higher_education_percentage": "6.0078%",
            "average_income_per_person_per_week": 621,
            "having_children_percentage": "75.6443%",
            "volunteer_total_num": 1183
        }
    }, {
        "key": "212011292",
        "value": {
            "medium_age": 32,
            "higher_education_percentage": "9.2519%",
            "average_income_per_person_per_week": 647,
            "having_children_percentage": "81.1212%",
            "volunteer_total_num": 3114
        }
    }, {
        "key": "212021293",
        "value": {
            "medium_age": 42,
            "higher_education_percentage": "15.8750%",
            "average_income_per_person_per_week": 678,
            "having_children_percentage": "76.4954%",
            "volunteer_total_num": 3421
        }
    }, {
        "key": "212021294",
        "value": {
            "medium_age": 33,
            "higher_education_percentage": "11.7621%",
            "average_income_per_person_per_week": 737,
            "having_children_percentage": "86.8056%",
            "volunteer_total_num": 3206
        }
    }, {
        "key": "212021295",
        "value": {
            "medium_age": 34,
            "higher_education_percentage": "8.8696%",
            "average_income_per_person_per_week": 449,
            "having_children_percentage": "80.5129%",
            "volunteer_total_num": 922
        }
    }, {
        "key": "212021297",
        "value": {
            "medium_age": 35,
            "higher_education_percentage": "13.1071%",
            "average_income_per_person_per_week": 488,
            "having_children_percentage": "81.1715%",
            "volunteer_total_num": 946
        }
    }, {
        "key": "212021299",
        "value": {
            "medium_age": 41,
            "higher_education_percentage": "16.4216%",
            "average_income_per_person_per_week": 683,
            "having_children_percentage": "81.0763%",
            "volunteer_total_num": 1160
        }
    }, {
        "key": "212021453",
        "value": {
            "medium_age": 37,
            "higher_education_percentage": "15.9526%",
            "average_income_per_person_per_week": 583,
            "having_children_percentage": "81.7783%",
            "volunteer_total_num": 1501
        }
    }, {
        "key": "212021455",
        "value": {
            "medium_age": 35,
            "higher_education_percentage": "13.8109%",
            "average_income_per_person_per_week": 630,
            "having_children_percentage": "83.2288%",
            "volunteer_total_num": 1609
        }
    }, {
        "key": "212021456",
        "value": {
            "medium_age": 34,
            "higher_education_percentage": "13.1553%",
            "average_income_per_person_per_week": 588,
            "having_children_percentage": "79.0919%",
            "volunteer_total_num": 1453
        }
    }, {
        "key": "212031457",
        "value": {
            "medium_age": 34,
            "higher_education_percentage": "12.7951%",
            "average_income_per_person_per_week": 668,
            "having_children_percentage": "86.7510%",
            "volunteer_total_num": 1674
        }
    }, {
        "key": "212031458",
        "value": {
            "medium_age": 32,
            "higher_education_percentage": "11.9071%",
            "average_income_per_person_per_week": 613,
            "having_children_percentage": "86.8624%",
            "volunteer_total_num": 1660
        }
    }, {
        "key": "212041309",
        "value": {
            "medium_age": 43,
            "higher_education_percentage": "21.0087%",
            "average_income_per_person_per_week": 533,
            "having_children_percentage": "78.5382%",
            "volunteer_total_num": 1243
        }
    }, {
        "key": "212041310",
        "value": {
            "medium_age": 33,
            "higher_education_percentage": "29.1878%",
            "average_income_per_person_per_week": 489,
            "having_children_percentage": "75.1227%",
            "volunteer_total_num": 1177
        }
    }, {
        "key": "212041311",
        "value": {
            "medium_age": 33,
            "higher_education_percentage": "12.6956%",
            "average_income_per_person_per_week": 460,
            "having_children_percentage": "80.6537%",
            "volunteer_total_num": 2504
        }
    }, {
        "key": "212041312",
        "value": {
            "medium_age": 37,
            "higher_education_percentage": "14.1333%",
            "average_income_per_person_per_week": 486,
            "having_children_percentage": "80.0669%",
            "volunteer_total_num": 2265
        }
    }, {
        "key": "212041313",
        "value": {
            "medium_age": 43,
            "higher_education_percentage": "15.0508%",
            "average_income_per_person_per_week": 694,
            "having_children_percentage": "77.0817%",
            "volunteer_total_num": 1704
        }
    }, {
        "key": "212041459",
        "value": {
            "medium_age": 34,
            "higher_education_percentage": "19.7179%",
            "average_income_per_person_per_week": 534,
            "having_children_percentage": "74.6641%",
            "volunteer_total_num": 1079
        }
    }, {
        "key": "212041314",
        "value": {
            "medium_age": 35,
            "higher_education_percentage": "17.4807%",
            "average_income_per_person_per_week": 581,
            "having_children_percentage": "81.8354%",
            "volunteer_total_num": 2483
        }
    }, {
        "key": "212041316",
        "value": {
            "medium_age": 39,
            "higher_education_percentage": "15.3119%",
            "average_income_per_person_per_week": 496,
            "having_children_percentage": "79.0953%",
            "volunteer_total_num": 698
        }
    }, {
        "key": "212041317",
        "value": {
            "medium_age": 34,
            "higher_education_percentage": "21.5109%",
            "average_income_per_person_per_week": 409,
            "having_children_percentage": "80.5009%",
            "volunteer_total_num": 1947
        }
    }, {
        "key": "212041318",
        "value": {
            "medium_age": 35,
            "higher_education_percentage": "18.7422%",
            "average_income_per_person_per_week": 449,
            "having_children_percentage": "82.8316%",
            "volunteer_total_num": 1072
        }
    }, {
        "key": "212041460",
        "value": {
            "medium_age": 35,
            "higher_education_percentage": "17.3359%",
            "average_income_per_person_per_week": 460,
            "having_children_percentage": "80.2882%",
            "volunteer_total_num": 1611
        }
    }, {
        "key": "212051319",
        "value": {
            "medium_age": 35,
            "higher_education_percentage": "25.5191%",
            "average_income_per_person_per_week": 648,
            "having_children_percentage": "75.6201%",
            "volunteer_total_num": 2690
        }
    }, {
        "key": "212051320",
        "value": {
            "medium_age": 26,
            "higher_education_percentage": "70.5199%",
            "average_income_per_person_per_week": 349,
            "having_children_percentage": "69.4160%",
            "volunteer_total_num": 3818
        }
    }, {
        "key": "212051321",
        "value": {
            "medium_age": 42,
            "higher_education_percentage": "24.0263%",
            "average_income_per_person_per_week": 569,
            "having_children_percentage": "78.2069%",
            "volunteer_total_num": 3974
        }
    }, {
        "key": "212051322",
        "value": {
            "medium_age": 39,
            "higher_education_percentage": "26.3424%",
            "average_income_per_person_per_week": 552,
            "having_children_percentage": "80.2334%",
            "volunteer_total_num": 3167
        }
    }, {
        "key": "212051323",
        "value": {
            "medium_age": 41,
            "higher_education_percentage": "26.8894%",
            "average_income_per_person_per_week": 631,
            "having_children_percentage": "77.3211%",
            "volunteer_total_num": 3011
        }
    }, {
        "key": "212051324",
        "value": {
            "medium_age": 40,
            "higher_education_percentage": "24.0089%",
            "average_income_per_person_per_week": 660,
            "having_children_percentage": "77.2495%",
            "volunteer_total_num": 3252
        }
    }, {
        "key": "212051325",
        "value": {
            "medium_age": 39,
            "higher_education_percentage": "20.8616%",
            "average_income_per_person_per_week": 609,
            "having_children_percentage": "76.7220%",
            "volunteer_total_num": 2497
        }
    }, {
        "key": "212051326",
        "value": {
            "medium_age": 36,
            "higher_education_percentage": "30.1271%",
            "average_income_per_person_per_week": 632,
            "having_children_percentage": "76.6353%",
            "volunteer_total_num": 2887
        }
    }, {
        "key": "212051327",
        "value": {
            "medium_age": 46,
            "higher_education_percentage": "21.3038%",
            "average_income_per_person_per_week": 624,
            "having_children_percentage": "75.0698%",
            "volunteer_total_num": 3266
        }
    }, {
        "key": "213011328",
        "value": {
            "medium_age": 34,
            "higher_education_percentage": "17.9339%",
            "average_income_per_person_per_week": 515,
            "having_children_percentage": "75.0235%",
            "volunteer_total_num": 792
        }
    }, {
        "key": "213011329",
        "value": {
            "medium_age": 33,
            "higher_education_percentage": "17.7641%",
            "average_income_per_person_per_week": 549,
            "having_children_percentage": "88.1833%",
            "volunteer_total_num": 850
        }
    }, {
        "key": "213011332",
        "value": {
            "medium_age": 39,
            "higher_education_percentage": "18.0902%",
            "average_income_per_person_per_week": 520,
            "having_children_percentage": "78.4703%",
            "volunteer_total_num": 1243
        }
    }, {
        "key": "213011330",
        "value": {
            "medium_age": 33,
            "higher_education_percentage": "13.2546%",
            "average_income_per_person_per_week": 576,
            "having_children_percentage": "84.0203%",
            "volunteer_total_num": 2081
        }
    }, {
        "key": "213011331",
        "value": {
            "medium_age": 36,
            "higher_education_percentage": "16.6865%",
            "average_income_per_person_per_week": 482,
            "having_children_percentage": "83.9904%",
            "volunteer_total_num": 715
        }
    }, {
        "key": "213011333",
        "value": {
            "medium_age": 37,
            "higher_education_percentage": "13.1083%",
            "average_income_per_person_per_week": 426,
            "having_children_percentage": "81.2208%",
            "volunteer_total_num": 958
        }
    }, {
        "key": "213011334",
        "value": {
            "medium_age": 35,
            "higher_education_percentage": "17.0569%",
            "average_income_per_person_per_week": 427,
            "having_children_percentage": "79.0974%",
            "volunteer_total_num": 1536
        }
    }, {
        "key": "213021343",
        "value": {
            "medium_age": 37,
            "higher_education_percentage": "13.6481%",
            "average_income_per_person_per_week": 539,
            "having_children_percentage": "76.1807%",
            "volunteer_total_num": 1423
        }
    }, {
        "key": "213011335",
        "value": {
            "medium_age": 35,
            "higher_education_percentage": "18.2606%",
            "average_income_per_person_per_week": 404,
            "having_children_percentage": "81.1070%",
            "volunteer_total_num": 1320
        }
    }, {
        "key": "213011337",
        "value": {
            "medium_age": 35,
            "higher_education_percentage": "17.4755%",
            "average_income_per_person_per_week": 441,
            "having_children_percentage": "82.4241%",
            "volunteer_total_num": 972
        }
    }, {
        "key": "213011336",
        "value": {
            "medium_age": 34,
            "higher_education_percentage": "20.9496%",
            "average_income_per_person_per_week": 494,
            "having_children_percentage": "78.3650%",
            "volunteer_total_num": 1064
        }
    }, {
        "key": "213011339",
        "value": {
            "medium_age": 34,
            "higher_education_percentage": "15.1470%",
            "average_income_per_person_per_week": 601,
            "having_children_percentage": "84.2375%",
            "volunteer_total_num": 1159
        }
    }, {
        "key": "213011338",
        "value": {
            "medium_age": 36,
            "higher_education_percentage": "16.4216%",
            "average_income_per_person_per_week": 445,
            "having_children_percentage": "79.7067%",
            "volunteer_total_num": 1630
        }
    }, {
        "key": "213011340",
        "value": {
            "medium_age": 41,
            "higher_education_percentage": "20.0881%",
            "average_income_per_person_per_week": 644,
            "having_children_percentage": "82.4542%",
            "volunteer_total_num": 1915
        }
    }, {
        "key": "213021341",
        "value": {
            "medium_age": 42,
            "higher_education_percentage": "16.8284%",
            "average_income_per_person_per_week": 734,
            "having_children_percentage": "70.8199%",
            "volunteer_total_num": 1931
        }
    }, {
        "key": "213021344",
        "value": {
            "medium_age": 37,
            "higher_education_percentage": "18.0223%",
            "average_income_per_person_per_week": 961,
            "having_children_percentage": "76.7405%",
            "volunteer_total_num": 2831
        }
    }, {
        "key": "213021345",
        "value": {
            "medium_age": 35,
            "higher_education_percentage": "15.0000%",
            "average_income_per_person_per_week": 684,
            "having_children_percentage": "82.3663%",
            "volunteer_total_num": 634
        }
    }, {
        "key": "213021346",
        "value": {
            "medium_age": 42,
            "higher_education_percentage": "18.2517%",
            "average_income_per_person_per_week": 885,
            "having_children_percentage": "77.9832%",
            "volunteer_total_num": 2994
        }
    }, {
        "key": "213031351",
        "value": {
            "medium_age": 34,
            "higher_education_percentage": "26.9098%",
            "average_income_per_person_per_week": 694,
            "having_children_percentage": "73.2925%",
            "volunteer_total_num": 1621
        }
    }, {
        "key": "213031347",
        "value": {
            "medium_age": 32,
            "higher_education_percentage": "24.0413%",
            "average_income_per_person_per_week": 495,
            "having_children_percentage": "79.4383%",
            "volunteer_total_num": 1894
        }
    }, {
        "key": "213031348",
        "value": {
            "medium_age": 32,
            "higher_education_percentage": "38.5702%",
            "average_income_per_person_per_week": 623,
            "having_children_percentage": "64.5420%",
            "volunteer_total_num": 2394
        }
    }, {
        "key": "213031349",
        "value": {
            "medium_age": 33,
            "higher_education_percentage": "29.2929%",
            "average_income_per_person_per_week": 779,
            "having_children_percentage": "73.0921%",
            "volunteer_total_num": 1604
        }
    }, {
        "key": "213031350",
        "value": {
            "medium_age": 35,
            "higher_education_percentage": "24.6821%",
            "average_income_per_person_per_week": 904,
            "having_children_percentage": "72.2505%",
            "volunteer_total_num": 1380
        }
    }, {
        "key": "213031352",
        "value": {
            "medium_age": 36,
            "higher_education_percentage": "21.2029%",
            "average_income_per_person_per_week": 923,
            "having_children_percentage": "73.5528%",
            "volunteer_total_num": 2432
        }
    }, {
        "key": "213041353",
        "value": {
            "medium_age": 37,
            "higher_education_percentage": "10.0997%",
            "average_income_per_person_per_week": 652,
            "having_children_percentage": "77.1632%",
            "volunteer_total_num": 3053
        }
    }, {
        "key": "213041355",
        "value": {
            "medium_age": 32,
            "higher_education_percentage": "13.1020%",
            "average_income_per_person_per_week": 732,
            "having_children_percentage": "84.6201%",
            "volunteer_total_num": 1994
        }
    }, {
        "key": "213041356",
        "value": {
            "medium_age": 35,
            "higher_education_percentage": "8.4755%",
            "average_income_per_person_per_week": 547,
            "having_children_percentage": "78.7921%",
            "volunteer_total_num": 1845
        }
    }, {
        "key": "213041357",
        "value": {
            "medium_age": 33,
            "higher_education_percentage": "8.8978%",
            "average_income_per_person_per_week": 615,
            "having_children_percentage": "80.2427%",
            "volunteer_total_num": 2258
        }
    }, {
        "key": "213041358",
        "value": {
            "medium_age": 31,
            "higher_education_percentage": "8.2528%",
            "average_income_per_person_per_week": 645,
            "having_children_percentage": "81.9756%",
            "volunteer_total_num": 1685
        }
    }, {
        "key": "213041359",
        "value": {
            "medium_age": 36,
            "higher_education_percentage": "2.2173%",
            "average_income_per_person_per_week": 512,
            "having_children_percentage": "75.9696%",
            "volunteer_total_num": 145
        }
    }, {
        "key": "213041360",
        "value": {
            "medium_age": 32,
            "higher_education_percentage": "11.6049%",
            "average_income_per_person_per_week": 708,
            "having_children_percentage": "88.5059%",
            "volunteer_total_num": 1678
        }
    }, {
        "key": "213041461",
        "value": {
            "medium_age": 37,
            "higher_education_percentage": "16.2492%",
            "average_income_per_person_per_week": 542,
            "having_children_percentage": "82.4975%",
            "volunteer_total_num": 438
        }
    }, {
        "key": "213051362",
        "value": {
            "medium_age": 36,
            "higher_education_percentage": "14.8814%",
            "average_income_per_person_per_week": 537,
            "having_children_percentage": "79.4900%",
            "volunteer_total_num": 2135
        }
    }, {
        "key": "213041462",
        "value": {
            "medium_age": 31,
            "higher_education_percentage": "12.4355%",
            "average_income_per_person_per_week": 698,
            "having_children_percentage": "89.8870%",
            "volunteer_total_num": 452
        }
    }, {
        "key": "213041463",
        "value": {
            "medium_age": 33,
            "higher_education_percentage": "12.2910%",
            "average_income_per_person_per_week": 739,
            "having_children_percentage": "85.8731%",
            "volunteer_total_num": 1946
        }
    }, {
        "key": "213051361",
        "value": {
            "medium_age": 35,
            "higher_education_percentage": "15.0755%",
            "average_income_per_person_per_week": 620,
            "having_children_percentage": "82.5819%",
            "volunteer_total_num": 2148
        }
    }, {
        "key": "213051363",
        "value": {
            "medium_age": 31,
            "higher_education_percentage": "21.1111%",
            "average_income_per_person_per_week": 640,
            "having_children_percentage": "79.0768%",
            "volunteer_total_num": 904
        }
    }, {
        "key": "213051365",
        "value": {
            "medium_age": 30,
            "higher_education_percentage": "12.5322%",
            "average_income_per_person_per_week": 715,
            "having_children_percentage": "85.9706%",
            "volunteer_total_num": 3268
        }
    }, {
        "key": "213051366",
        "value": {
            "medium_age": 30,
            "higher_education_percentage": "12.5046%",
            "average_income_per_person_per_week": 753,
            "having_children_percentage": "83.5734%",
            "volunteer_total_num": 1982
        }
    }, {
        "key": "213051368",
        "value": {
            "medium_age": 40,
            "higher_education_percentage": "13.7338%",
            "average_income_per_person_per_week": 630,
            "having_children_percentage": "75.0551%",
            "volunteer_total_num": 1351
        }
    }, {
        "key": "213051369",
        "value": {
            "medium_age": 31,
            "higher_education_percentage": "11.0190%",
            "average_income_per_person_per_week": 693,
            "having_children_percentage": "84.0972%",
            "volunteer_total_num": 2261
        }
    }, {
        "key": "213051464",
        "value": {
            "medium_age": 32,
            "higher_education_percentage": "15.2953%",
            "average_income_per_person_per_week": 839,
            "having_children_percentage": "82.7628%",
            "volunteer_total_num": 1312
        }
    }, {
        "key": "213051465",
        "value": {
            "medium_age": 33,
            "higher_education_percentage": "12.8097%",
            "average_income_per_person_per_week": 778,
            "having_children_percentage": "85.4313%",
            "volunteer_total_num": 2642
        }
    }, {
        "key": "213051467",
        "value": {
            "medium_age": 35,
            "higher_education_percentage": "10.8242%",
            "average_income_per_person_per_week": 528,
            "having_children_percentage": "81.0329%",
            "volunteer_total_num": 2032
        }
    }, {
        "key": "213051468",
        "value": {
            "medium_age": 36,
            "higher_education_percentage": "13.3393%",
            "average_income_per_person_per_week": 672,
            "having_children_percentage": "77.4649%",
            "volunteer_total_num": 1590
        }
    }, {
        "key": "214011370",
        "value": {
            "medium_age": 36,
            "higher_education_percentage": "9.8029%",
            "average_income_per_person_per_week": 671,
            "having_children_percentage": "79.8194%",
            "volunteer_total_num": 2039
        }
    }, {
        "key": "214011371",
        "value": {
            "medium_age": 39,
            "higher_education_percentage": "13.4502%",
            "average_income_per_person_per_week": 607,
            "having_children_percentage": "73.3817%",
            "volunteer_total_num": 2998
        }
    }, {
        "key": "214011372",
        "value": {
            "medium_age": 39,
            "higher_education_percentage": "8.3757%",
            "average_income_per_person_per_week": 531,
            "having_children_percentage": "75.1488%",
            "volunteer_total_num": 2095
        }
    }, {
        "key": "214011373",
        "value": {
            "medium_age": 44,
            "higher_education_percentage": "12.8927%",
            "average_income_per_person_per_week": 706,
            "having_children_percentage": "75.5146%",
            "volunteer_total_num": 2938
        }
    }, {
        "key": "214011374",
        "value": {
            "medium_age": 37,
            "higher_education_percentage": "10.2579%",
            "average_income_per_person_per_week": 719,
            "having_children_percentage": "78.7455%",
            "volunteer_total_num": 3055
        }
    }, {
        "key": "214011375",
        "value": {
            "medium_age": 40,
            "higher_education_percentage": "9.6974%",
            "average_income_per_person_per_week": 664,
            "having_children_percentage": "73.2535%",
            "volunteer_total_num": 2172
        }
    }, {
        "key": "214011376",
        "value": {
            "medium_age": 35,
            "higher_education_percentage": "11.5020%",
            "average_income_per_person_per_week": 780,
            "having_children_percentage": "80.7975%",
            "volunteer_total_num": 1501
        }
    }, {
        "key": "214021377",
        "value": {
            "medium_age": 50,
            "higher_education_percentage": "8.2090%",
            "average_income_per_person_per_week": 596,
            "having_children_percentage": "61.7495%",
            "volunteer_total_num": 1810
        }
    }, {
        "key": "214021378",
        "value": {
            "medium_age": 52,
            "higher_education_percentage": "10.9091%",
            "average_income_per_person_per_week": 773,
            "having_children_percentage": "64.0452%",
            "volunteer_total_num": 1350
        }
    }, {
        "key": "214021379",
        "value": {
            "medium_age": 41,
            "higher_education_percentage": "7.0991%",
            "average_income_per_person_per_week": 628,
            "having_children_percentage": "72.0027%",
            "volunteer_total_num": 3587
        }
    }, {
        "key": "214021380",
        "value": {
            "medium_age": 47,
            "higher_education_percentage": "9.3227%",
            "average_income_per_person_per_week": 625,
            "having_children_percentage": "68.0512%",
            "volunteer_total_num": 3780
        }
    }, {
        "key": "214021381",
        "value": {
            "medium_age": 44,
            "higher_education_percentage": "11.8207%",
            "average_income_per_person_per_week": 760,
            "having_children_percentage": "76.1870%",
            "volunteer_total_num": 3310
        }
    }, {
        "key": "214021382",
        "value": {
            "medium_age": 43,
            "higher_education_percentage": "9.2880%",
            "average_income_per_person_per_week": 727,
            "having_children_percentage": "75.3505%",
            "volunteer_total_num": 3189
        }
    }, {
        "key": "214021383",
        "value": {
            "medium_age": 51,
            "higher_education_percentage": "6.9875%",
            "average_income_per_person_per_week": 593,
            "having_children_percentage": "62.5896%",
            "volunteer_total_num": 2893
        }
    }, {
        "key": "214021384",
        "value": {
            "medium_age": 52,
            "higher_education_percentage": "6.5323%",
            "average_income_per_person_per_week": 511,
            "having_children_percentage": "63.7830%",
            "volunteer_total_num": 3197
        }
    }, {
        "key": "214021385",
        "value": {
            "medium_age": 40,
            "higher_education_percentage": "9.4821%",
            "average_income_per_person_per_week": 667,
            "having_children_percentage": "75.1487%",
            "volunteer_total_num": 2558
        }
    }, {
        "key": "206041127",
        "value": {
            "medium_age": 0,
            "higher_education_percentage": null,
            "having_children_percentage": null,
            "volunteer_total_num": 0
        }
    }, {
        "key": "208031192",
        "value": {
            "medium_age": 0,
            "higher_education_percentage": null,
            "having_children_percentage": null,
            "volunteer_total_num": 0
        }
    }, {
        "key": "210011227",
        "value": {
            "medium_age": 0,
            "higher_education_percentage": null,
            "having_children_percentage": null,
            "volunteer_total_num": 0
        }
    }, {
        "key": "206041127",
        "value": {
            "medium_age": 0,
            "higher_education_percentage": null,
            "volunteer_total_num": 0
        }
    }, {
        "key": "210011227",
        "value": {
            "medium_age": 0,
            "higher_education_percentage": null,
            "volunteer_total_num": 0
        }
    }, {
        "key": "208031192",
        "value": {
            "medium_age": 0,
            "higher_education_percentage": null,
            "volunteer_total_num": 0
        }
    }]
}
