{
    "0": {
        "sumsqr": 13516.241039776207,
        "max": 1,
        "count": 76538,
        "sum": 15156.534193887508,
        "min": -1
    },
    "1": {
        "sumsqr": 13960.079350374976,
        "max": 1,
        "count": 78137,
        "sum": 15387.391058151607,
        "min": -1
    },
    "2": {
        "sumsqr": 14373.430479874358,
        "max": 1,
        "count": 79874,
        "sum": 15756.221650794212,
        "min": -1
    },
    "3": {
        "sumsqr": 14123.114522634016,
        "max": 1,
        "count": 78554,
        "sum": 15017.703598616612,
        "min": -1
    },
    "4": {
        "sumsqr": 13847.798317755698,
        "max": 1,
        "count": 76723,
        "sum": 14823.893373558632,
        "min": -1
    },
    "5": {
        "sumsqr": 13563.275741794476,
        "max": 1,
        "count": 75375,
        "sum": 14351.63603105699,
        "min": -1
    },
    "6": {
        "sumsqr": 14781.322969108358,
        "max": 1,
        "count": 81453,
        "sum": 15436.841447421895,
        "min": -1
    },
    "7": {
        "sumsqr": 15248.313497435385,
        "max": 1,
        "count": 84636,
        "sum": 15935.111725487752,
        "min": -1
    },
    "8": {
        "sumsqr": 15348.540355313522,
        "max": 1,
        "count": 85373,
        "sum": 16083.34766606519,
        "min": -1
    },
    "9": {
        "sumsqr": 16656.641920263453,
        "max": 1,
        "count": 90125,
        "sum": 16992.353727681682,
        "min": -1
    },
    "10": {
        "sumsqr": 17427.691480737565,
        "max": 1,
        "count": 94898,
        "sum": 17734.138773706065,
        "min": -1
    },
    "11": {
        "sumsqr": 17486.151760899338,
        "max": 1,
        "count": 94754,
        "sum": 17247.467594716996,
        "min": -1
    },
    "12": {
        "sumsqr": 16173.02967291922,
        "max": 1,
        "count": 87167,
        "sum": 15937.701223745802,
        "min": -1
    },
    "13": {
        "sumsqr": 11723.48097023087,
        "max": 1,
        "count": 64446,
        "sum": 11946.038257007463,
        "min": -1
    },
    "14": {
        "sumsqr": 8482.229971895424,
        "max": 1,
        "count": 47753,
        "sum": 9012.46993990538,
        "min": -1
    },
    "15": {
        "sumsqr": 6398.7718547325185,
        "max": 1,
        "count": 36550,
        "sum": 7171.168098867847,
        "min": -1
    },
    "16": {
        "sumsqr": 4979.232017024277,
        "max": 1,
        "count": 29306,
        "sum": 5566.4669159631985,
        "min": -1
    },
    "17": {
        "sumsqr": 4124.064374836729,
        "max": 1,
        "count": 24409,
        "sum": 4906.472857927227,
        "min": -1
    },
    "18": {
        "sumsqr": 4293.745044391754,
        "max": 1,
        "count": 23731,
        "sum": 4960.412156762282,
        "min": -1
    },
    "19": {
        "sumsqr": 4550.570427201172,
        "max": 1,
        "count": 25934,
        "sum": 5313.324833386558,
        "min": -1
    },
    "20": {
        "sumsqr": 6622.986452718811,
        "max": 1,
        "count": 37297,
        "sum": 7815.9845724679335,
        "min": -1
    },
    "21": {
        "sumsqr": 9918.172934281241,
        "max": 1,
        "count": 55185,
        "sum": 11497.667297099559,
        "min": -1
    },
    "22": {
        "sumsqr": 12330.794367036304,
        "max": 1,
        "count": 68000,
        "sum": 13902.534097808883,
        "min": -1
    },
    "23": {
        "sumsqr": 13194.851921927873,
        "max": 1,
        "count": 74314,
        "sum": 14345.739968901764,
        "min": -1
    }
}