{
    "21034": {
        "positive": 0,
        "negative": 0,
        "neutral": 2
    },
    "21035": {
        "positive": 0,
        "negative": 0,
        "neutral": 1
    },
    "21036": {
        "positive": 0,
        "negative": 0,
        "neutral": 3
    },
    "21037": {
        "positive": 2,
        "negative": 0,
        "neutral": 6
    },
    "21038": {
        "positive": 3,
        "negative": 0,
        "neutral": 5
    },
    "21039": {
        "positive": 38,
        "negative": 6,
        "neutral": 83
    },
    "21040": {
        "positive": 18,
        "negative": 1,
        "neutral": 23
    },
    "21041": {
        "positive": 1,
        "negative": 0,
        "neutral": 7
    },
    "21042": {
        "positive": 2,
        "negative": 0,
        "neutral": 2
    },
    "21043": {
        "positive": 199,
        "negative": 74,
        "neutral": 276
    },
    "21044": {
        "positive": 1,
        "negative": 2,
        "neutral": 2
    },
    "21045": {
        "positive": 7,
        "negative": 2,
        "neutral": 7
    },
    "21046": {
        "positive": 33,
        "negative": 5,
        "neutral": 66
    },
    "21047": {
        "positive": 4,
        "negative": 0,
        "neutral": 11
    },
    "21048": {
        "positive": 274,
        "negative": 53,
        "neutral": 401
    },
    "21049": {
        "positive": 15,
        "negative": 5,
        "neutral": 26
    },
    "21050": {
        "positive": 7,
        "negative": 2,
        "neutral": 19
    },
    "21051": {
        "positive": 87,
        "negative": 18,
        "neutral": 109
    },
    "21053": {
        "positive": 31,
        "negative": 3,
        "neutral": 30
    },
    "21105": {
        "positive": 1086,
        "negative": 381,
        "neutral": 1644
    },
    "21106": {
        "positive": 310,
        "negative": 91,
        "neutral": 491
    },
    "21107": {
        "positive": 309,
        "negative": 98,
        "neutral": 386
    },
    "21108": {
        "positive": 310,
        "negative": 119,
        "neutral": 563
    },
    "21109": {
        "positive": 136,
        "negative": 30,
        "neutral": 147
    },
    "21110": {
        "positive": 81,
        "negative": 20,
        "neutral": 165
    },
    "21111": {
        "positive": 504,
        "negative": 163,
        "neutral": 767
    },
    "21112": {
        "positive": 355,
        "negative": 126,
        "neutral": 606
    },
    "21113": {
        "positive": 246,
        "negative": 67,
        "neutral": 344
    },
    "21114": {
        "positive": 376,
        "negative": 141,
        "neutral": 762
    },
    "21115": {
        "positive": 161,
        "negative": 71,
        "neutral": 357
    },
    "21116": {
        "positive": 436,
        "negative": 130,
        "neutral": 546
    },
    "21117": {
        "positive": 1089,
        "negative": 345,
        "neutral": 1915
    },
    "21118": {
        "positive": 1260,
        "negative": 349,
        "neutral": 2353
    },
    "21119": {
        "positive": 2270,
        "negative": 583,
        "neutral": 3933
    },
    "21120": {
        "positive": 321,
        "negative": 40,
        "neutral": 424
    },
    "21121": {
        "positive": 551,
        "negative": 1459,
        "neutral": 948
    },
    "21122": {
        "positive": 8682,
        "negative": 2284,
        "neutral": 17777
    },
    "21123": {
        "positive": 832,
        "negative": 251,
        "neutral": 1356
    },
    "21124": {
        "positive": 619,
        "negative": 187,
        "neutral": 1116
    },
    "21125": {
        "positive": 354,
        "negative": 99,
        "neutral": 477
    },
    "21126": {
        "positive": 2864,
        "negative": 690,
        "neutral": 5184
    },
    "21127": {
        "positive": 112,
        "negative": 50,
        "neutral": 192
    },
    "21128": {
        "positive": 809,
        "negative": 195,
        "neutral": 1190
    },
    "21129": {
        "positive": 346,
        "negative": 114,
        "neutral": 438
    },
    "21130": {
        "positive": 412,
        "negative": 93,
        "neutral": 532
    },
    "21131": {
        "positive": 114,
        "negative": 32,
        "neutral": 212
    },
    "21132": {
        "positive": 805,
        "negative": 233,
        "neutral": 1094
    },
    "21133": {
        "positive": 1928,
        "negative": 624,
        "neutral": 3356
    },
    "21134": {
        "positive": 513,
        "negative": 145,
        "neutral": 657
    },
    "21135": {
        "positive": 257,
        "negative": 124,
        "neutral": 536
    },
    "21136": {
        "positive": 1030,
        "negative": 305,
        "neutral": 1633
    },
    "21137": {
        "positive": 1132,
        "negative": 295,
        "neutral": 1580
    },
    "21138": {
        "positive": 343,
        "negative": 104,
        "neutral": 493
    },
    "21139": {
        "positive": 429,
        "negative": 153,
        "neutral": 728
    },
    "21140": {
        "positive": 335,
        "negative": 82,
        "neutral": 473
    },
    "21141": {
        "positive": 540,
        "negative": 123,
        "neutral": 710
    },
    "21142": {
        "positive": 1116,
        "negative": 325,
        "neutral": 1582
    },
    "21143": {
        "positive": 477,
        "negative": 129,
        "neutral": 606
    },
    "21144": {
        "positive": 1651,
        "negative": 477,
        "neutral": 2436
    },
    "21145": {
        "positive": 248,
        "negative": 61,
        "neutral": 368
    },
    "21146": {
        "positive": 50,
        "negative": 21,
        "neutral": 74
    },
    "21147": {
        "positive": 194,
        "negative": 37,
        "neutral": 219
    },
    "21148": {
        "positive": 159,
        "negative": 48,
        "neutral": 216
    },
    "21149": {
        "positive": 255,
        "negative": 97,
        "neutral": 474
    },
    "21150": {
        "positive": 128,
        "negative": 39,
        "neutral": 249
    },
    "21151": {
        "positive": 987,
        "negative": 291,
        "neutral": 1439
    },
    "21152": {
        "positive": 644,
        "negative": 145,
        "neutral": 772
    },
    "21153": {
        "positive": 357,
        "negative": 106,
        "neutral": 475
    },
    "21154": {
        "positive": 57,
        "negative": 8,
        "neutral": 100
    },
    "21155": {
        "positive": 224,
        "negative": 67,
        "neutral": 339
    },
    "21156": {
        "positive": 390,
        "negative": 194,
        "neutral": 582
    },
    "21157": {
        "positive": 136,
        "negative": 48,
        "neutral": 253
    },
    "21159": {
        "positive": 122,
        "negative": 34,
        "neutral": 190
    },
    "21160": {
        "positive": 120,
        "negative": 52,
        "neutral": 178
    },
    "21161": {
        "positive": 179,
        "negative": 49,
        "neutral": 349
    },
    "21162": {
        "positive": 91,
        "negative": 31,
        "neutral": 229
    },
    "21163": {
        "positive": 237,
        "negative": 101,
        "neutral": 589
    },
    "21164": {
        "positive": 115,
        "negative": 41,
        "neutral": 209
    },
    "21165": {
        "positive": 275,
        "negative": 74,
        "neutral": 1056
    },
    "21166": {
        "positive": 119,
        "negative": 31,
        "neutral": 302
    },
    "21167": {
        "positive": 49,
        "negative": 21,
        "neutral": 92
    },
    "21168": {
        "positive": 340,
        "negative": 356,
        "neutral": 377
    },
    "21169": {
        "positive": 451,
        "negative": 125,
        "neutral": 729
    },
    "21170": {
        "positive": 251,
        "negative": 129,
        "neutral": 429
    },
    "21171": {
        "positive": 170,
        "negative": 52,
        "neutral": 270
    },
    "21172": {
        "positive": 297,
        "negative": 191,
        "neutral": 463
    },
    "21173": {
        "positive": 213,
        "negative": 101,
        "neutral": 338
    },
    "21174": {
        "positive": 457,
        "negative": 129,
        "neutral": 529
    },
    "21176": {
        "positive": 248,
        "negative": 78,
        "neutral": 385
    },
    "21177": {
        "positive": 742,
        "negative": 333,
        "neutral": 1340
    },
    "21178": {
        "positive": 177,
        "negative": 37,
        "neutral": 209
    },
    "21179": {
        "positive": 152,
        "negative": 36,
        "neutral": 287
    },
    "21180": {
        "positive": 64,
        "negative": 18,
        "neutral": 73
    },
    "21181": {
        "positive": 82,
        "negative": 29,
        "neutral": 155
    },
    "21182": {
        "positive": 238,
        "negative": 74,
        "neutral": 439
    },
    "21183": {
        "positive": 34,
        "negative": 23,
        "neutral": 78
    },
    "21184": {
        "positive": 31,
        "negative": 8,
        "neutral": 50
    },
    "21185": {
        "positive": 84,
        "negative": 40,
        "neutral": 105
    },
    "21186": {
        "positive": 409,
        "negative": 126,
        "neutral": 450
    },
    "21187": {
        "positive": 126,
        "negative": 57,
        "neutral": 216
    },
    "21188": {
        "positive": 433,
        "negative": 126,
        "neutral": 721
    },
    "21189": {
        "positive": 99,
        "negative": 28,
        "neutral": 146
    },
    "21190": {
        "positive": 187,
        "negative": 82,
        "neutral": 343
    },
    "21191": {
        "positive": 166,
        "negative": 45,
        "neutral": 234
    },
    "21192": {
        "positive": 8,
        "negative": 2,
        "neutral": 23
    },
    "21193": {
        "positive": 264,
        "negative": 79,
        "neutral": 379
    },
    "21194": {
        "positive": 306,
        "negative": 82,
        "neutral": 449
    },
    "21195": {
        "positive": 439,
        "negative": 126,
        "neutral": 769
    },
    "21196": {
        "positive": 46,
        "negative": 20,
        "neutral": 110
    },
    "21197": {
        "positive": 152,
        "negative": 47,
        "neutral": 218
    },
    "21198": {
        "positive": 223,
        "negative": 63,
        "neutral": 322
    },
    "21199": {
        "positive": 116,
        "negative": 40,
        "neutral": 245
    },
    "21200": {
        "positive": 90,
        "negative": 24,
        "neutral": 173
    },
    "21201": {
        "positive": 236,
        "negative": 51,
        "neutral": 290
    },
    "21202": {
        "positive": 184,
        "negative": 56,
        "neutral": 363
    },
    "21203": {
        "positive": 250,
        "negative": 99,
        "neutral": 509
    },
    "21204": {
        "positive": 74,
        "negative": 16,
        "neutral": 135
    },
    "21205": {
        "positive": 237,
        "negative": 67,
        "neutral": 566
    },
    "21207": {
        "positive": 353,
        "negative": 142,
        "neutral": 593
    },
    "21208": {
        "positive": 150,
        "negative": 59,
        "neutral": 330
    },
    "21209": {
        "positive": 164,
        "negative": 69,
        "neutral": 274
    },
    "21210": {
        "positive": 23,
        "negative": 9,
        "neutral": 46
    },
    "21211": {
        "positive": 24,
        "negative": 8,
        "neutral": 43
    },
    "21212": {
        "positive": 34,
        "negative": 25,
        "neutral": 103
    },
    "21213": {
        "positive": 72,
        "negative": 27,
        "neutral": 120
    },
    "21214": {
        "positive": 69,
        "negative": 13,
        "neutral": 90
    },
    "21215": {
        "positive": 81,
        "negative": 43,
        "neutral": 196
    },
    "21216": {
        "positive": 142,
        "negative": 62,
        "neutral": 312
    },
    "21217": {
        "positive": 64,
        "negative": 27,
        "neutral": 247
    },
    "21219": {
        "positive": 171,
        "negative": 45,
        "neutral": 291
    },
    "21220": {
        "positive": 339,
        "negative": 90,
        "neutral": 674
    },
    "21221": {
        "positive": 110,
        "negative": 52,
        "neutral": 209
    },
    "21223": {
        "positive": 551,
        "negative": 234,
        "neutral": 818
    },
    "21224": {
        "positive": 130,
        "negative": 28,
        "neutral": 144
    },
    "21225": {
        "positive": 45,
        "negative": 18,
        "neutral": 76
    },
    "21226": {
        "positive": 77,
        "negative": 29,
        "neutral": 110
    },
    "21227": {
        "positive": 60,
        "negative": 16,
        "neutral": 78
    },
    "21228": {
        "positive": 149,
        "negative": 49,
        "neutral": 226
    },
    "21229": {
        "positive": 300,
        "negative": 119,
        "neutral": 465
    },
    "21230": {
        "positive": 114,
        "negative": 38,
        "neutral": 157
    },
    "21231": {
        "positive": 108,
        "negative": 27,
        "neutral": 148
    },
    "21232": {
        "positive": 146,
        "negative": 60,
        "neutral": 284
    },
    "21233": {
        "positive": 11,
        "negative": 3,
        "neutral": 45
    },
    "21234": {
        "positive": 29,
        "negative": 30,
        "neutral": 73
    },
    "21235": {
        "positive": 42,
        "negative": 6,
        "neutral": 45
    },
    "21236": {
        "positive": 149,
        "negative": 50,
        "neutral": 262
    },
    "21237": {
        "positive": 134,
        "negative": 33,
        "neutral": 184
    },
    "21239": {
        "positive": 203,
        "negative": 84,
        "neutral": 310
    },
    "21240": {
        "positive": 186,
        "negative": 112,
        "neutral": 315
    },
    "21241": {
        "positive": 518,
        "negative": 263,
        "neutral": 808
    },
    "21242": {
        "positive": 117,
        "negative": 38,
        "neutral": 243
    },
    "21243": {
        "positive": 241,
        "negative": 80,
        "neutral": 403
    },
    "21245": {
        "positive": 173,
        "negative": 60,
        "neutral": 281
    },
    "21246": {
        "positive": 144,
        "negative": 49,
        "neutral": 219
    },
    "21247": {
        "positive": 46,
        "negative": 15,
        "neutral": 92
    },
    "21248": {
        "positive": 943,
        "negative": 286,
        "neutral": 2036
    },
    "21249": {
        "positive": 315,
        "negative": 59,
        "neutral": 427
    },
    "21250": {
        "positive": 140,
        "negative": 46,
        "neutral": 277
    },
    "21251": {
        "positive": 220,
        "negative": 86,
        "neutral": 278
    },
    "21254": {
        "positive": 213,
        "negative": 57,
        "neutral": 312
    },
    "21255": {
        "positive": 162,
        "negative": 50,
        "neutral": 267
    },
    "21256": {
        "positive": 140,
        "negative": 102,
        "neutral": 289
    },
    "21257": {
        "positive": 51,
        "negative": 16,
        "neutral": 69
    },
    "21258": {
        "positive": 130,
        "negative": 55,
        "neutral": 157
    },
    "21259": {
        "positive": 366,
        "negative": 102,
        "neutral": 709
    },
    "21260": {
        "positive": 412,
        "negative": 144,
        "neutral": 562
    },
    "21261": {
        "positive": 118,
        "negative": 39,
        "neutral": 186
    },
    "21262": {
        "positive": 242,
        "negative": 73,
        "neutral": 333
    },
    "21263": {
        "positive": 106,
        "negative": 33,
        "neutral": 175
    },
    "21265": {
        "positive": 228,
        "negative": 63,
        "neutral": 357
    },
    "21266": {
        "positive": 225,
        "negative": 84,
        "neutral": 377
    },
    "21267": {
        "positive": 93,
        "negative": 33,
        "neutral": 159
    },
    "21268": {
        "positive": 230,
        "negative": 23,
        "neutral": 378
    },
    "21269": {
        "positive": 96,
        "negative": 26,
        "neutral": 159
    },
    "21270": {
        "positive": 219,
        "negative": 81,
        "neutral": 312
    },
    "21271": {
        "positive": 75,
        "negative": 18,
        "neutral": 138
    },
    "21272": {
        "positive": 88,
        "negative": 26,
        "neutral": 180
    },
    "21273": {
        "positive": 48,
        "negative": 17,
        "neutral": 95
    },
    "21274": {
        "positive": 222,
        "negative": 136,
        "neutral": 400
    },
    "21275": {
        "positive": 106,
        "negative": 35,
        "neutral": 213
    },
    "21276": {
        "positive": 227,
        "negative": 39,
        "neutral": 390
    },
    "21277": {
        "positive": 53,
        "negative": 38,
        "neutral": 109
    },
    "21278": {
        "positive": 170,
        "negative": 43,
        "neutral": 260
    },
    "21279": {
        "positive": 31,
        "negative": 8,
        "neutral": 42
    },
    "21280": {
        "positive": 19,
        "negative": 2,
        "neutral": 28
    },
    "21281": {
        "positive": 456,
        "negative": 155,
        "neutral": 730
    },
    "21282": {
        "positive": 110,
        "negative": 23,
        "neutral": 169
    },
    "21283": {
        "positive": 64,
        "negative": 28,
        "neutral": 113
    },
    "21284": {
        "positive": 321,
        "negative": 192,
        "neutral": 624
    },
    "21285": {
        "positive": 45,
        "negative": 9,
        "neutral": 60
    },
    "21286": {
        "positive": 368,
        "negative": 180,
        "neutral": 1245
    },
    "21287": {
        "positive": 96,
        "negative": 20,
        "neutral": 106
    },
    "21288": {
        "positive": 12,
        "negative": 2,
        "neutral": 10
    },
    "21289": {
        "positive": 49,
        "negative": 17,
        "neutral": 81
    },
    "21290": {
        "positive": 1,
        "negative": 1,
        "neutral": 2
    },
    "21291": {
        "positive": 67,
        "negative": 36,
        "neutral": 88
    },
    "21292": {
        "positive": 395,
        "negative": 102,
        "neutral": 521
    },
    "21293": {
        "positive": 162,
        "negative": 43,
        "neutral": 215
    },
    "21294": {
        "positive": 161,
        "negative": 26,
        "neutral": 181
    },
    "21295": {
        "positive": 118,
        "negative": 48,
        "neutral": 206
    },
    "21297": {
        "positive": 134,
        "negative": 48,
        "neutral": 190
    },
    "21299": {
        "positive": 32,
        "negative": 7,
        "neutral": 68
    },
    "21300": {
        "positive": 200,
        "negative": 77,
        "neutral": 275
    },
    "21301": {
        "positive": 68,
        "negative": 24,
        "neutral": 90
    },
    "21302": {
        "positive": 176,
        "negative": 48,
        "neutral": 212
    },
    "21303": {
        "positive": 163,
        "negative": 45,
        "neutral": 167
    },
    "21304": {
        "positive": 132,
        "negative": 43,
        "neutral": 171
    },
    "21305": {
        "positive": 114,
        "negative": 38,
        "neutral": 201
    },
    "21306": {
        "positive": 84,
        "negative": 28,
        "neutral": 122
    },
    "21308": {
        "positive": 108,
        "negative": 47,
        "neutral": 114
    },
    "21309": {
        "positive": 36,
        "negative": 10,
        "neutral": 80
    },
    "21310": {
        "positive": 544,
        "negative": 180,
        "neutral": 1008
    },
    "21311": {
        "positive": 543,
        "negative": 158,
        "neutral": 1116
    },
    "21312": {
        "positive": 170,
        "negative": 108,
        "neutral": 322
    },
    "21313": {
        "positive": 112,
        "negative": 35,
        "neutral": 172
    },
    "21314": {
        "positive": 224,
        "negative": 80,
        "neutral": 454
    },
    "21316": {
        "positive": 47,
        "negative": 13,
        "neutral": 221
    },
    "21317": {
        "positive": 149,
        "negative": 53,
        "neutral": 447
    },
    "21318": {
        "positive": 82,
        "negative": 43,
        "neutral": 126
    },
    "21319": {
        "positive": 142,
        "negative": 95,
        "neutral": 346
    },
    "21320": {
        "positive": 471,
        "negative": 151,
        "neutral": 848
    },
    "21321": {
        "positive": 483,
        "negative": 71,
        "neutral": 496
    },
    "21322": {
        "positive": 205,
        "negative": 69,
        "neutral": 314
    },
    "21323": {
        "positive": 233,
        "negative": 90,
        "neutral": 428
    },
    "21324": {
        "positive": 319,
        "negative": 64,
        "neutral": 507
    },
    "21325": {
        "positive": 278,
        "negative": 99,
        "neutral": 409
    },
    "21326": {
        "positive": 253,
        "negative": 74,
        "neutral": 478
    },
    "21327": {
        "positive": 195,
        "negative": 68,
        "neutral": 311
    },
    "21328": {
        "positive": 46,
        "negative": 18,
        "neutral": 105
    },
    "21329": {
        "positive": 115,
        "negative": 30,
        "neutral": 106
    },
    "21330": {
        "positive": 248,
        "negative": 100,
        "neutral": 418
    },
    "21331": {
        "positive": 77,
        "negative": 39,
        "neutral": 96
    },
    "21332": {
        "positive": 80,
        "negative": 45,
        "neutral": 190
    },
    "21333": {
        "positive": 79,
        "negative": 32,
        "neutral": 133
    },
    "21334": {
        "positive": 114,
        "negative": 31,
        "neutral": 125
    },
    "21335": {
        "positive": 99,
        "negative": 33,
        "neutral": 129
    },
    "21336": {
        "positive": 204,
        "negative": 67,
        "neutral": 273
    },
    "21337": {
        "positive": 119,
        "negative": 35,
        "neutral": 193
    },
    "21338": {
        "positive": 431,
        "negative": 221,
        "neutral": 767
    },
    "21339": {
        "positive": 111,
        "negative": 49,
        "neutral": 200
    },
    "21340": {
        "positive": 385,
        "negative": 96,
        "neutral": 395
    },
    "21341": {
        "positive": 312,
        "negative": 87,
        "neutral": 362
    },
    "21342": {
        "positive": 125,
        "negative": 36,
        "neutral": 166
    },
    "21343": {
        "positive": 244,
        "negative": 101,
        "neutral": 485
    },
    "21344": {
        "positive": 368,
        "negative": 101,
        "neutral": 575
    },
    "21345": {
        "positive": 52,
        "negative": 23,
        "neutral": 64
    },
    "21346": {
        "positive": 408,
        "negative": 114,
        "neutral": 633
    },
    "21347": {
        "positive": 366,
        "negative": 121,
        "neutral": 632
    },
    "21348": {
        "positive": 568,
        "negative": 204,
        "neutral": 977
    },
    "21349": {
        "positive": 251,
        "negative": 115,
        "neutral": 486
    },
    "21350": {
        "positive": 151,
        "negative": 46,
        "neutral": 180
    },
    "21351": {
        "positive": 187,
        "negative": 77,
        "neutral": 311
    },
    "21352": {
        "positive": 305,
        "negative": 73,
        "neutral": 519
    },
    "21353": {
        "positive": 139,
        "negative": 40,
        "neutral": 177
    },
    "21355": {
        "positive": 337,
        "negative": 158,
        "neutral": 587
    },
    "21356": {
        "positive": 91,
        "negative": 37,
        "neutral": 157
    },
    "21357": {
        "positive": 470,
        "negative": 124,
        "neutral": 397
    },
    "21358": {
        "positive": 79,
        "negative": 35,
        "neutral": 171
    },
    "21359": {
        "positive": 50,
        "negative": 16,
        "neutral": 97
    },
    "21360": {
        "positive": 199,
        "negative": 70,
        "neutral": 217
    },
    "21361": {
        "positive": 389,
        "negative": 148,
        "neutral": 594
    },
    "21362": {
        "positive": 580,
        "negative": 99,
        "neutral": 522
    },
    "21363": {
        "positive": 559,
        "negative": 124,
        "neutral": 786
    },
    "21365": {
        "positive": 300,
        "negative": 132,
        "neutral": 537
    },
    "21366": {
        "positive": 145,
        "negative": 39,
        "neutral": 191
    },
    "21368": {
        "positive": 296,
        "negative": 79,
        "neutral": 435
    },
    "21369": {
        "positive": 242,
        "negative": 81,
        "neutral": 301
    },
    "21370": {
        "positive": 332,
        "negative": 91,
        "neutral": 395
    },
    "21371": {
        "positive": 449,
        "negative": 166,
        "neutral": 635
    },
    "21372": {
        "positive": 353,
        "negative": 93,
        "neutral": 497
    },
    "21373": {
        "positive": 306,
        "negative": 124,
        "neutral": 440
    },
    "21374": {
        "positive": 114,
        "negative": 39,
        "neutral": 236
    },
    "21375": {
        "positive": 222,
        "negative": 66,
        "neutral": 287
    },
    "21376": {
        "positive": 933,
        "negative": 350,
        "neutral": 1064
    },
    "21377": {
        "positive": 12,
        "negative": 4,
        "neutral": 22
    },
    "21380": {
        "positive": 239,
        "negative": 42,
        "neutral": 289
    },
    "21381": {
        "positive": 321,
        "negative": 79,
        "neutral": 344
    },
    "21382": {
        "positive": 61,
        "negative": 27,
        "neutral": 106
    },
    "21384": {
        "positive": 5,
        "negative": 1,
        "neutral": 10
    },
    "21385": {
        "positive": 118,
        "negative": 26,
        "neutral": 117
    },
    "21424": {
        "positive": 138,
        "negative": 39,
        "neutral": 219
    },
    "21425": {
        "positive": 100,
        "negative": 31,
        "neutral": 117
    },
    "21426": {
        "positive": 114,
        "negative": 42,
        "neutral": 197
    },
    "21427": {
        "positive": 113,
        "negative": 41,
        "neutral": 222
    },
    "21428": {
        "positive": 471,
        "negative": 146,
        "neutral": 886
    },
    "21429": {
        "positive": 73,
        "negative": 28,
        "neutral": 142
    },
    "21430": {
        "positive": 130,
        "negative": 42,
        "neutral": 179
    },
    "21431": {
        "positive": 57,
        "negative": 19,
        "neutral": 87
    },
    "21432": {
        "positive": 220,
        "negative": 137,
        "neutral": 508
    },
    "21433": {
        "positive": 52,
        "negative": 17,
        "neutral": 95
    },
    "21434": {
        "positive": 432,
        "negative": 232,
        "neutral": 772
    },
    "21435": {
        "positive": 182,
        "negative": 88,
        "neutral": 271
    },
    "21436": {
        "positive": 268,
        "negative": 103,
        "neutral": 317
    },
    "21437": {
        "positive": 195,
        "negative": 67,
        "neutral": 234
    },
    "21438": {
        "positive": 209,
        "negative": 64,
        "neutral": 386
    },
    "21439": {
        "positive": 143,
        "negative": 47,
        "neutral": 154
    },
    "21440": {
        "positive": 148,
        "negative": 12,
        "neutral": 121
    },
    "21441": {
        "positive": 59,
        "negative": 26,
        "neutral": 130
    },
    "21442": {
        "positive": 176,
        "negative": 40,
        "neutral": 261
    },
    "21443": {
        "positive": 170,
        "negative": 61,
        "neutral": 256
    },
    "21444": {
        "positive": 170,
        "negative": 29,
        "neutral": 159
    },
    "21445": {
        "positive": 6,
        "negative": 3,
        "neutral": 11
    },
    "21446": {
        "positive": 161,
        "negative": 57,
        "neutral": 295
    },
    "21447": {
        "positive": 82,
        "negative": 44,
        "neutral": 133
    },
    "21448": {
        "positive": 301,
        "negative": 103,
        "neutral": 396
    },
    "21449": {
        "positive": 19,
        "negative": 3,
        "neutral": 7
    },
    "21450": {
        "positive": 59,
        "negative": 21,
        "neutral": 93
    },
    "21451": {
        "positive": 109,
        "negative": 32,
        "neutral": 113
    },
    "21452": {
        "positive": 21,
        "negative": 6,
        "neutral": 32
    },
    "21453": {
        "positive": 47,
        "negative": 15,
        "neutral": 73
    },
    "21454": {
        "positive": 119,
        "negative": 50,
        "neutral": 207
    },
    "21455": {
        "positive": 77,
        "negative": 44,
        "neutral": 113
    },
    "21456": {
        "positive": 103,
        "negative": 42,
        "neutral": 159
    },
    "21457": {
        "positive": 57,
        "negative": 30,
        "neutral": 79
    },
    "21458": {
        "positive": 51,
        "negative": 11,
        "neutral": 65
    },
    "21459": {
        "positive": 114,
        "negative": 49,
        "neutral": 186
    },
    "21460": {
        "positive": 181,
        "negative": 85,
        "neutral": 291
    },
    "21461": {
        "positive": 29,
        "negative": 16,
        "neutral": 47
    },
    "21462": {
        "positive": 50,
        "negative": 10,
        "neutral": 112
    },
    "21463": {
        "positive": 208,
        "negative": 74,
        "neutral": 329
    },
    "21464": {
        "positive": 133,
        "negative": 61,
        "neutral": 221
    },
    "21465": {
        "positive": 259,
        "negative": 80,
        "neutral": 399
    },
    "21466": {
        "positive": 79,
        "negative": 33,
        "neutral": 147
    },
    "21467": {
        "positive": 126,
        "negative": 71,
        "neutral": 260
    },
    "21468": {
        "positive": 187,
        "negative": 78,
        "neutral": 316
    }
}