{
    "_rev": "1-fc07aed7ed2be5ff6eaf216fa822b912",
    "rows": [{
        "value": {
            "higher_education_percentage": "10.3231%",
            "medium_age": 31,
            "having_children_percentage": "85.2738%",
            "volunteer_total_num": 1903,
            "average_income_per_person_per_week": 668
        },
        "key": "212031302"
    }, {
        "value": {
            "higher_education_percentage": "8.8732%",
            "medium_age": 37,
            "having_children_percentage": "77.0313%",
            "volunteer_total_num": 1063,
            "average_income_per_person_per_week": 742
        },
        "key": "212031303"
    }, {
        "value": {
            "higher_education_percentage": "9.4933%",
            "medium_age": 30,
            "having_children_percentage": "82.7350%",
            "volunteer_total_num": 1226,
            "average_income_per_person_per_week": 707
        },
        "key": "212031304"
    }, {
        "value": {
            "higher_education_percentage": "11.2698%",
            "medium_age": 33,
            "having_children_percentage": "86.0159%",
            "volunteer_total_num": 2278,
            "average_income_per_person_per_week": 540
        },
        "key": "212031305"
    }, {
        "value": {
            "higher_education_percentage": "15.9810%",
            "medium_age": 38,
            "having_children_percentage": "77.6752%",
            "volunteer_total_num": 2006,
            "average_income_per_person_per_week": 592
        },
        "key": "213021342"
    }, {
        "value": {
            "higher_education_percentage": "31.0859%",
            "medium_age": 33,
            "having_children_percentage": "51.8627%",
            "volunteer_total_num": 3130,
            "average_income_per_person_per_week": 1083
        },
        "key": "206061136"
    }, {
        "value": {
            "higher_education_percentage": "27.7062%",
            "medium_age": 32,
            "having_children_percentage": "54.0083%",
            "volunteer_total_num": 1430,
            "average_income_per_person_per_week": 969
        },
        "key": "206071141"
    }, {
        "value": {
            "higher_education_percentage": "14.3930%",
            "medium_age": 38,
            "having_children_percentage": "76.0657%",
            "volunteer_total_num": 485,
            "average_income_per_person_per_week": 484
        },
        "key": "210031440"
    }, {
        "value": {
            "higher_education_percentage": "13.0059%",
            "medium_age": 39,
            "having_children_percentage": "79.1222%",
            "volunteer_total_num": 1865,
            "average_income_per_person_per_week": 689
        },
        "key": "210041240"
    }, {
        "value": {
            "higher_education_percentage": "12.8351%",
            "medium_age": 37,
            "having_children_percentage": "78.0847%",
            "volunteer_total_num": 3575,
            "average_income_per_person_per_week": 698
        },
        "key": "210041241"
    }, {
        "value": {
            "higher_education_percentage": "28.0716%",
            "medium_age": 33,
            "having_children_percentage": "58.0123%",
            "volunteer_total_num": 1992,
            "average_income_per_person_per_week": 925
        },
        "key": "206071142"
    }, {
        "value": {
            "higher_education_percentage": "29.0659%",
            "medium_age": 35,
            "having_children_percentage": "76.9057%",
            "volunteer_total_num": 1125,
            "average_income_per_person_per_week": 699
        },
        "key": "208021180"
    }, {
        "value": {
            "higher_education_percentage": "13.6520%",
            "medium_age": 31,
            "having_children_percentage": "84.9530%",
            "volunteer_total_num": 1508,
            "average_income_per_person_per_week": 876
        },
        "key": "213051466"
    }, {
        "value": {
            "higher_education_percentage": "19.4260%",
            "medium_age": 42,
            "having_children_percentage": "78.9828%",
            "volunteer_total_num": 2085,
            "average_income_per_person_per_week": 612
        },
        "key": "207031162"
    }, {
        "value": {
            "higher_education_percentage": "25.8146%",
            "medium_age": 40,
            "having_children_percentage": "78.4311%",
            "volunteer_total_num": 2205,
            "average_income_per_person_per_week": 870
        },
        "key": "207031167"
    }, {
        "value": {
            "higher_education_percentage": "16.4479%",
            "medium_age": 43,
            "having_children_percentage": "79.4824%",
            "volunteer_total_num": 2965,
            "average_income_per_person_per_week": 856
        },
        "key": "208011170"
    }, {
        "value": {
            "higher_education_percentage": "15.1061%",
            "medium_age": 40,
            "having_children_percentage": "78.4464%",
            "volunteer_total_num": 1769,
            "average_income_per_person_per_week": 809
        },
        "key": "208011171"
    }, {
        "value": {
            "higher_education_percentage": "16.9606%",
            "medium_age": 42,
            "having_children_percentage": "79.9318%",
            "volunteer_total_num": 3298,
            "average_income_per_person_per_week": 819
        },
        "key": "208011172"
    }, {
        "value": {
            "higher_education_percentage": "43.2944%",
            "medium_age": 33,
            "having_children_percentage": "60.0193%",
            "volunteer_total_num": 4945,
            "average_income_per_person_per_week": 823
        },
        "key": "206011105"
    }, {
        "value": {
            "higher_education_percentage": "41.1125%",
            "medium_age": 32,
            "having_children_percentage": "59.6928%",
            "volunteer_total_num": 2073,
            "average_income_per_person_per_week": 906
        },
        "key": "206011106"
    }, {
        "value": {
            "higher_education_percentage": "18.2977%",
            "medium_age": 38,
            "having_children_percentage": "81.2586%",
            "volunteer_total_num": 1373,
            "average_income_per_person_per_week": 723
        },
        "key": "206011109"
    }, {
        "value": {
            "higher_education_percentage": "40.5232%",
            "medium_age": 30,
            "having_children_percentage": "47.2706%",
            "volunteer_total_num": 1353,
            "average_income_per_person_per_week": 970
        },
        "key": "206041118"
    }, {
        "value": {
            "higher_education_percentage": "33.7702%",
            "medium_age": 38,
            "having_children_percentage": "42.7330%",
            "volunteer_total_num": 1221,
            "average_income_per_person_per_week": 1341
        },
        "key": "206041119"
    }, {
        "value": {
            "higher_education_percentage": "20.7547%",
            "medium_age": 32,
            "having_children_percentage": "72.0000%",
            "volunteer_total_num": 15,
            "average_income_per_person_per_week": 1062
        },
        "key": "206041120"
    }, {
        "value": {
            "higher_education_percentage": "26.5035%",
            "medium_age": 37,
            "having_children_percentage": "47.7351%",
            "volunteer_total_num": 1288,
            "average_income_per_person_per_week": 1220
        },
        "key": "206041125"
    }, {
        "value": {
            "higher_education_percentage": "16.4856%",
            "medium_age": 40,
            "having_children_percentage": "79.3411%",
            "volunteer_total_num": 1938,
            "average_income_per_person_per_week": 717
        },
        "key": "208021427"
    }, {
        "value": {
            "higher_education_percentage": "18.8588%",
            "medium_age": 40,
            "having_children_percentage": "80.9172%",
            "volunteer_total_num": 3687,
            "average_income_per_person_per_week": 740
        },
        "key": "208021174"
    }, {
        "value": {
            "higher_education_percentage": "16.9194%",
            "medium_age": 39,
            "having_children_percentage": "83.6370%",
            "volunteer_total_num": 1335,
            "average_income_per_person_per_week": 702
        },
        "key": "208031183"
    }, {
        "value": {
            "higher_education_percentage": "29.7910%",
            "medium_age": 36,
            "having_children_percentage": "74.0863%",
            "volunteer_total_num": 1563,
            "average_income_per_person_per_week": 778
        },
        "key": "208021181"
    }, {
        "value": {
            "higher_education_percentage": "0.0000%",
            "medium_age": 29,
            "having_children_percentage": "72.2222%",
            "volunteer_total_num": 6,
            "average_income_per_person_per_week": 900
        },
        "key": "208031184"
    }, {
        "value": {
            "higher_education_percentage": "42.9382%",
            "medium_age": 30,
            "having_children_percentage": "40.4715%",
            "volunteer_total_num": 2714,
            "average_income_per_person_per_week": 981
        },
        "key": "206041126"
    }, {
        "value": {
            "higher_education_percentage": "11.7414%",
            "medium_age": 40,
            "having_children_percentage": "78.5985%",
            "volunteer_total_num": 736,
            "average_income_per_person_per_week": 674
        },
        "key": "208031187"
    }, {
        "value": {
            "higher_education_percentage": "36.0819%",
            "medium_age": 34,
            "having_children_percentage": "70.0736%",
            "volunteer_total_num": 2869,
            "average_income_per_person_per_week": 729
        },
        "key": "208021176"
    }, {
        "value": {
            "higher_education_percentage": "29.5156%",
            "medium_age": 35,
            "having_children_percentage": "74.9391%",
            "volunteer_total_num": 3936,
            "average_income_per_person_per_week": 674
        },
        "key": "206011108"
    }, {
        "value": {
            "higher_education_percentage": "36.9412%",
            "medium_age": 34,
            "having_children_percentage": "68.4120%",
            "volunteer_total_num": 2441,
            "average_income_per_person_per_week": 742
        },
        "key": "206011107"
    }, {
        "value": {
            "higher_education_percentage": "25.8682%",
            "medium_age": 36,
            "having_children_percentage": "73.4742%",
            "volunteer_total_num": 1850,
            "average_income_per_person_per_week": 855
        },
        "key": "206021110"
    }, {
        "value": {
            "higher_education_percentage": "30.2137%",
            "medium_age": 33,
            "having_children_percentage": "74.3178%",
            "volunteer_total_num": 2155,
            "average_income_per_person_per_week": 753
        },
        "key": "208021182"
    }, {
        "value": {
            "higher_education_percentage": "25.7474%",
            "medium_age": 36,
            "having_children_percentage": "73.0928%",
            "volunteer_total_num": 4717,
            "average_income_per_person_per_week": 881
        },
        "key": "206021111"
    }, {
        "value": {
            "higher_education_percentage": null,
            "medium_age": 0,
            "having_children_percentage": null,
            "volunteer_total_num": 0,
            "average_income_per_person_per_week": 0
        },
        "key": "206041127"
    }, {
        "value": {
            "higher_education_percentage": "26.0783%",
            "medium_age": 36,
            "having_children_percentage": "72.1958%",
            "volunteer_total_num": 2935,
            "average_income_per_person_per_week": 773
        },
        "key": "206021112"
    }, {
        "value": {
            "higher_education_percentage": "16.9920%",
            "medium_age": 40,
            "having_children_percentage": "61.0483%",
            "volunteer_total_num": 2621,
            "average_income_per_person_per_week": 1223
        },
        "key": "206051130"
    }, {
        "value": {
            "higher_education_percentage": "24.1725%",
            "medium_age": 35,
            "having_children_percentage": "74.4345%",
            "volunteer_total_num": 2484,
            "average_income_per_person_per_week": 824
        },
        "key": "206031113"
    }, {
        "value": {
            "higher_education_percentage": "22.6353%",
            "medium_age": 37,
            "having_children_percentage": "77.0223%",
            "volunteer_total_num": 4600,
            "average_income_per_person_per_week": 858
        },
        "key": "206031114"
    }, {
        "value": {
            "higher_education_percentage": "30.5858%",
            "medium_age": 31,
            "having_children_percentage": "71.5731%",
            "volunteer_total_num": 1641,
            "average_income_per_person_per_week": 643
        },
        "key": "206031115"
    }, {
        "value": {
            "higher_education_percentage": "25.1969%",
            "medium_age": 37,
            "having_children_percentage": "74.0490%",
            "volunteer_total_num": 2344,
            "average_income_per_person_per_week": 860
        },
        "key": "206031116"
    }, {
        "value": {
            "higher_education_percentage": "68.4412%",
            "medium_age": 24,
            "having_children_percentage": "59.6912%",
            "volunteer_total_num": 3918,
            "average_income_per_person_per_week": 338
        },
        "key": "206041117"
    }, {
        "value": {
            "higher_education_percentage": "32.9272%",
            "medium_age": 33,
            "having_children_percentage": "64.6768%",
            "volunteer_total_num": 2062,
            "average_income_per_person_per_week": 1012
        },
        "key": "206041121"
    }, {
        "value": {
            "higher_education_percentage": "57.5828%",
            "medium_age": 26,
            "having_children_percentage": "43.5974%",
            "volunteer_total_num": 5386,
            "average_income_per_person_per_week": 434
        },
        "key": "206041122"
    }, {
        "value": {
            "higher_education_percentage": "27.2625%",
            "medium_age": 37,
            "having_children_percentage": "65.5391%",
            "volunteer_total_num": 1737,
            "average_income_per_person_per_week": 1064
        },
        "key": "206061135"
    }, {
        "value": {
            "higher_education_percentage": "47.1424%",
            "medium_age": 28,
            "having_children_percentage": "58.6322%",
            "volunteer_total_num": 3800,
            "average_income_per_person_per_week": 646
        },
        "key": "206041123"
    }, {
        "value": {
            "higher_education_percentage": "67.8806%",
            "medium_age": 26,
            "having_children_percentage": "57.3355%",
            "volunteer_total_num": 2157,
            "average_income_per_person_per_week": 437
        },
        "key": "206041124"
    }, {
        "value": {
            "higher_education_percentage": "22.4983%",
            "medium_age": 40,
            "having_children_percentage": "61.6944%",
            "volunteer_total_num": 3021,
            "average_income_per_person_per_week": 1180
        },
        "key": "206051128"
    }, {
        "value": {
            "higher_education_percentage": "21.7290%",
            "medium_age": 35,
            "having_children_percentage": "62.3460%",
            "volunteer_total_num": 2800,
            "average_income_per_person_per_week": 1164
        },
        "key": "206051129"
    }, {
        "value": {
            "higher_education_percentage": "0.0000%",
            "medium_age": 33,
            "having_children_percentage": "100.0000%",
            "volunteer_total_num": 0,
            "average_income_per_person_per_week": 1625
        },
        "key": "206051131"
    }, {
        "value": {
            "higher_education_percentage": "25.9887%",
            "medium_age": 37,
            "having_children_percentage": "56.2028%",
            "volunteer_total_num": 2098,
            "average_income_per_person_per_week": 1068
        },
        "key": "206051132"
    }, {
        "value": {
            "higher_education_percentage": "23.5516%",
            "medium_age": 34,
            "having_children_percentage": "47.0939%",
            "volunteer_total_num": 4250,
            "average_income_per_person_per_week": 1020
        },
        "key": "206051133"
    }, {
        "value": {
            "higher_education_percentage": "25.4715%",
            "medium_age": 33,
            "having_children_percentage": "60.9341%",
            "volunteer_total_num": 2900,
            "average_income_per_person_per_week": 981
        },
        "key": "206051134"
    }, {
        "value": {
            "higher_education_percentage": "38.8995%",
            "medium_age": 31,
            "having_children_percentage": "46.1538%",
            "volunteer_total_num": 3372,
            "average_income_per_person_per_week": 1104
        },
        "key": "206061137"
    }, {
        "value": {
            "higher_education_percentage": "27.5505%",
            "medium_age": 45,
            "having_children_percentage": "62.5468%",
            "volunteer_total_num": 2755,
            "average_income_per_person_per_week": 1217
        },
        "key": "206061138"
    }, {
        "value": {
            "higher_education_percentage": "35.8164%",
            "medium_age": 32,
            "having_children_percentage": "49.7466%",
            "volunteer_total_num": 1506,
            "average_income_per_person_per_week": 1068
        },
        "key": "206071139"
    }, {
        "value": {
            "higher_education_percentage": "44.3429%",
            "medium_age": 33,
            "having_children_percentage": "62.0726%",
            "volunteer_total_num": 1963,
            "average_income_per_person_per_week": 968
        },
        "key": "206071140"
    }, {
        "value": {
            "higher_education_percentage": "30.1301%",
            "medium_age": 36,
            "having_children_percentage": "63.3147%",
            "volunteer_total_num": 2705,
            "average_income_per_person_per_week": 1001
        },
        "key": "206071143"
    }, {
        "value": {
            "higher_education_percentage": "30.0036%",
            "medium_age": 33,
            "having_children_percentage": "58.0598%",
            "volunteer_total_num": 5396,
            "average_income_per_person_per_week": 1102
        },
        "key": "206071144"
    }, {
        "value": {
            "higher_education_percentage": "26.2805%",
            "medium_age": 36,
            "having_children_percentage": "68.7842%",
            "volunteer_total_num": 2059,
            "average_income_per_person_per_week": 1066
        },
        "key": "206071145"
    }, {
        "value": {
            "higher_education_percentage": "20.1215%",
            "medium_age": 39,
            "having_children_percentage": "82.8688%",
            "volunteer_total_num": 1696,
            "average_income_per_person_per_week": 818
        },
        "key": "207011146"
    }, {
        "value": {
            "higher_education_percentage": "26.0694%",
            "medium_age": 43,
            "having_children_percentage": "79.0171%",
            "volunteer_total_num": 3255,
            "average_income_per_person_per_week": 723
        },
        "key": "207011147"
    }, {
        "value": {
            "higher_education_percentage": "25.9793%",
            "medium_age": 41,
            "having_children_percentage": "78.1903%",
            "volunteer_total_num": 4761,
            "average_income_per_person_per_week": 854
        },
        "key": "207011149"
    }, {
        "value": {
            "higher_education_percentage": "22.9775%",
            "medium_age": 41,
            "having_children_percentage": "83.2258%",
            "volunteer_total_num": 3735,
            "average_income_per_person_per_week": 702
        },
        "key": "207011148"
    }, {
        "value": {
            "higher_education_percentage": "26.2711%",
            "medium_age": 39,
            "having_children_percentage": "75.9703%",
            "volunteer_total_num": 5361,
            "average_income_per_person_per_week": 922
        },
        "key": "207011153"
    }, {
        "value": {
            "higher_education_percentage": "22.0922%",
            "medium_age": 39,
            "having_children_percentage": "80.2100%",
            "volunteer_total_num": 3749,
            "average_income_per_person_per_week": 965
        },
        "key": "207011150"
    }, {
        "value": {
            "higher_education_percentage": "41.6243%",
            "medium_age": 32,
            "having_children_percentage": "66.4748%",
            "volunteer_total_num": 4958,
            "average_income_per_person_per_week": 953
        },
        "key": "207011151"
    }, {
        "value": {
            "higher_education_percentage": "32.5495%",
            "medium_age": 34,
            "having_children_percentage": "69.9933%",
            "volunteer_total_num": 3223,
            "average_income_per_person_per_week": 971
        },
        "key": "207011152"
    }, {
        "value": {
            "higher_education_percentage": "20.8727%",
            "medium_age": 40,
            "having_children_percentage": "80.3840%",
            "volunteer_total_num": 1314,
            "average_income_per_person_per_week": 840
        },
        "key": "207011154"
    }, {
        "value": {
            "higher_education_percentage": "23.2123%",
            "medium_age": 42,
            "having_children_percentage": "78.8367%",
            "volunteer_total_num": 3948,
            "average_income_per_person_per_week": 910
        },
        "key": "207011155"
    }, {
        "value": {
            "higher_education_percentage": "22.2480%",
            "medium_age": 44,
            "having_children_percentage": "73.4115%",
            "volunteer_total_num": 1518,
            "average_income_per_person_per_week": 604
        },
        "key": "207021156"
    }, {
        "value": {
            "higher_education_percentage": "26.4711%",
            "medium_age": 42,
            "having_children_percentage": "71.1874%",
            "volunteer_total_num": 3200,
            "average_income_per_person_per_week": 572
        },
        "key": "207021157"
    }, {
        "value": {
            "higher_education_percentage": "21.2134%",
            "medium_age": 45,
            "having_children_percentage": "76.0662%",
            "volunteer_total_num": 2579,
            "average_income_per_person_per_week": 682
        },
        "key": "207021159"
    }, {
        "value": {
            "higher_education_percentage": "18.5456%",
            "medium_age": 44,
            "having_children_percentage": "75.8867%",
            "volunteer_total_num": 2166,
            "average_income_per_person_per_week": 636
        },
        "key": "207021160"
    }, {
        "value": {
            "higher_education_percentage": "23.8213%",
            "medium_age": 42,
            "having_children_percentage": "78.8666%",
            "volunteer_total_num": 2561,
            "average_income_per_person_per_week": 593
        },
        "key": "207021424"
    }, {
        "value": {
            "higher_education_percentage": "19.4165%",
            "medium_age": 40,
            "having_children_percentage": "75.8709%",
            "volunteer_total_num": 2013,
            "average_income_per_person_per_week": 547
        },
        "key": "207021425"
    }, {
        "value": {
            "higher_education_percentage": "21.5847%",
            "medium_age": 39,
            "having_children_percentage": "77.8013%",
            "volunteer_total_num": 4497,
            "average_income_per_person_per_week": 709
        },
        "key": "207031161"
    }, {
        "value": {
            "higher_education_percentage": "33.8110%",
            "medium_age": 33,
            "having_children_percentage": "74.1176%",
            "volunteer_total_num": 3278,
            "average_income_per_person_per_week": 522
        },
        "key": "207031163"
    }, {
        "value": {
            "higher_education_percentage": "28.3880%",
            "medium_age": 34,
            "having_children_percentage": "72.6542%",
            "volunteer_total_num": 4764,
            "average_income_per_person_per_week": 872
        },
        "key": "208021177"
    }, {
        "value": {
            "higher_education_percentage": "24.3082%",
            "medium_age": 38,
            "having_children_percentage": "78.0792%",
            "volunteer_total_num": 3133,
            "average_income_per_person_per_week": 633
        },
        "key": "207031164"
    }, {
        "value": {
            "higher_education_percentage": "54.9606%",
            "medium_age": 29,
            "having_children_percentage": "73.7742%",
            "volunteer_total_num": 2288,
            "average_income_per_person_per_week": 417
        },
        "key": "207031165"
    }, {
        "value": {
            "higher_education_percentage": "33.4814%",
            "medium_age": 40,
            "having_children_percentage": "74.7238%",
            "volunteer_total_num": 1622,
            "average_income_per_person_per_week": 514
        },
        "key": "207031166"
    }, {
        "value": {
            "higher_education_percentage": "15.7009%",
            "medium_age": 39,
            "having_children_percentage": "81.4656%",
            "volunteer_total_num": 2146,
            "average_income_per_person_per_week": 708
        },
        "key": "208021426"
    }, {
        "value": {
            "higher_education_percentage": "17.0934%",
            "medium_age": 46,
            "having_children_percentage": "76.6555%",
            "volunteer_total_num": 2774,
            "average_income_per_person_per_week": 867
        },
        "key": "208011168"
    }, {
        "value": {
            "higher_education_percentage": "24.7076%",
            "medium_age": 41,
            "having_children_percentage": "74.9195%",
            "volunteer_total_num": 3218,
            "average_income_per_person_per_week": 835
        },
        "key": "208021178"
    }, {
        "value": {
            "higher_education_percentage": "18.4472%",
            "medium_age": 45,
            "having_children_percentage": "74.0029%",
            "volunteer_total_num": 4666,
            "average_income_per_person_per_week": 1051
        },
        "key": "208011169"
    }, {
        "value": {
            "higher_education_percentage": "20.7456%",
            "medium_age": 37,
            "having_children_percentage": "72.1202%",
            "volunteer_total_num": 2202,
            "average_income_per_person_per_week": 963
        },
        "key": "208021179"
    }, {
        "value": {
            "higher_education_percentage": "16.7344%",
            "medium_age": 45,
            "having_children_percentage": "74.4181%",
            "volunteer_total_num": 3333,
            "average_income_per_person_per_week": 927
        },
        "key": "208011173"
    }, {
        "value": {
            "higher_education_percentage": "12.2155%",
            "medium_age": 43,
            "having_children_percentage": "72.8372%",
            "volunteer_total_num": 1650,
            "average_income_per_person_per_week": 754
        },
        "key": "208031185"
    }, {
        "value": {
            "higher_education_percentage": "12.6660%",
            "medium_age": 40,
            "having_children_percentage": "71.0025%",
            "volunteer_total_num": 2005,
            "average_income_per_person_per_week": 756
        },
        "key": "208031186"
    }, {
        "value": {
            "higher_education_percentage": "15.6126%",
            "medium_age": 40,
            "having_children_percentage": "75.4892%",
            "volunteer_total_num": 3165,
            "average_income_per_person_per_week": 708
        },
        "key": "208031188"
    }, {
        "value": {
            "higher_education_percentage": "17.8571%",
            "medium_age": 41,
            "having_children_percentage": "72.2479%",
            "volunteer_total_num": 2182,
            "average_income_per_person_per_week": 784
        },
        "key": "208031190"
    }, {
        "value": {
            "higher_education_percentage": "13.7008%",
            "medium_age": 40,
            "having_children_percentage": "76.7400%",
            "volunteer_total_num": 2126,
            "average_income_per_person_per_week": 790
        },
        "key": "208031189"
    }, {
        "value": {
            "higher_education_percentage": "28.1374%",
            "medium_age": 39,
            "having_children_percentage": "75.3527%",
            "volunteer_total_num": 1287,
            "average_income_per_person_per_week": 545
        },
        "key": "209011196"
    }, {
        "value": {
            "higher_education_percentage": "13.7844%",
            "medium_age": 39,
            "having_children_percentage": "77.8100%",
            "volunteer_total_num": 1179,
            "average_income_per_person_per_week": 701
        },
        "key": "208031191"
    }, {
        "value": {
            "higher_education_percentage": null,
            "medium_age": 0,
            "having_children_percentage": null,
            "volunteer_total_num": 0,
            "average_income_per_person_per_week": 0
        },
        "key": "208031192"
    }, {
        "value": {
            "higher_education_percentage": "16.8425%",
            "medium_age": 40,
            "having_children_percentage": "77.0028%",
            "volunteer_total_num": 3354,
            "average_income_per_person_per_week": 751
        },
        "key": "209011197"
    }, {
        "value": {
            "higher_education_percentage": "15.7195%",
            "medium_age": 39,
            "having_children_percentage": "76.0279%",
            "volunteer_total_num": 1403,
            "average_income_per_person_per_week": 692
        },
        "key": "209011204"
    }, {
        "value": {
            "higher_education_percentage": "15.4740%",
            "medium_age": 40,
            "having_children_percentage": "77.3296%",
            "volunteer_total_num": 3427,
            "average_income_per_person_per_week": 807
        },
        "key": "208031193"
    }, {
        "value": {
            "higher_education_percentage": "51.3269%",
            "medium_age": 28,
            "having_children_percentage": "76.4016%",
            "volunteer_total_num": 1739,
            "average_income_per_person_per_week": 437
        },
        "key": "209021205"
    }, {
        "value": {
            "higher_education_percentage": "21.8518%",
            "medium_age": 36,
            "having_children_percentage": "74.2619%",
            "volunteer_total_num": 2762,
            "average_income_per_person_per_week": 537
        },
        "key": "209021207"
    }, {
        "value": {
            "higher_education_percentage": "19.2775%",
            "medium_age": 38,
            "having_children_percentage": "75.4873%",
            "volunteer_total_num": 2304,
            "average_income_per_person_per_week": 545
        },
        "key": "209021208"
    }, {
        "value": {
            "higher_education_percentage": null,
            "medium_age": 0,
            "having_children_percentage": null,
            "volunteer_total_num": 0,
            "average_income_per_person_per_week": 0
        },
        "key": "210011227"
    }, {
        "value": {
            "higher_education_percentage": "25.4801%",
            "medium_age": 37,
            "having_children_percentage": "72.5840%",
            "volunteer_total_num": 4163,
            "average_income_per_person_per_week": 1041
        },
        "key": "208041194"
    }, {
        "value": {
            "higher_education_percentage": "23.8134%",
            "medium_age": 37,
            "having_children_percentage": "76.6474%",
            "volunteer_total_num": 1781,
            "average_income_per_person_per_week": 666
        },
        "key": "209021429"
    }, {
        "value": {
            "higher_education_percentage": "34.0642%",
            "medium_age": 36,
            "having_children_percentage": "77.5793%",
            "volunteer_total_num": 4277,
            "average_income_per_person_per_week": 787
        },
        "key": "208041195"
    }, {
        "value": {
            "higher_education_percentage": "16.6853%",
            "medium_age": 41,
            "having_children_percentage": "80.1645%",
            "volunteer_total_num": 4496,
            "average_income_per_person_per_week": 807
        },
        "key": "209031209"
    }, {
        "value": {
            "higher_education_percentage": "15.0362%",
            "medium_age": 40,
            "having_children_percentage": "80.4172%",
            "volunteer_total_num": 711,
            "average_income_per_person_per_week": 730
        },
        "key": "209031210"
    }, {
        "value": {
            "higher_education_percentage": "7.7419%",
            "medium_age": 41,
            "having_children_percentage": "74.6706%",
            "volunteer_total_num": 755,
            "average_income_per_person_per_week": 657
        },
        "key": "209031211"
    }, {
        "value": {
            "higher_education_percentage": "11.1568%",
            "medium_age": 44,
            "having_children_percentage": "76.0048%",
            "volunteer_total_num": 1237,
            "average_income_per_person_per_week": 733
        },
        "key": "209031212"
    }, {
        "value": {
            "higher_education_percentage": "16.0544%",
            "medium_age": 40,
            "having_children_percentage": "80.8956%",
            "volunteer_total_num": 1473,
            "average_income_per_person_per_week": 784
        },
        "key": "209031213"
    }, {
        "value": {
            "higher_education_percentage": "16.2966%",
            "medium_age": 41,
            "having_children_percentage": "78.8127%",
            "volunteer_total_num": 1534,
            "average_income_per_person_per_week": 842
        },
        "key": "209031214"
    }, {
        "value": {
            "higher_education_percentage": "21.3519%",
            "medium_age": 39,
            "having_children_percentage": "75.5051%",
            "volunteer_total_num": 2732,
            "average_income_per_person_per_week": 776
        },
        "key": "209011198"
    }, {
        "value": {
            "higher_education_percentage": "33.4428%",
            "medium_age": 39,
            "having_children_percentage": "71.4758%",
            "volunteer_total_num": 657,
            "average_income_per_person_per_week": 494
        },
        "key": "209041217"
    }, {
        "value": {
            "higher_education_percentage": "14.4912%",
            "medium_age": 37,
            "having_children_percentage": "77.9977%",
            "volunteer_total_num": 1399,
            "average_income_per_person_per_week": 447
        },
        "key": "209041219"
    }, {
        "value": {
            "higher_education_percentage": "18.7688%",
            "medium_age": 35,
            "having_children_percentage": "77.7143%",
            "volunteer_total_num": 1766,
            "average_income_per_person_per_week": 555
        },
        "key": "209011199"
    }, {
        "value": {
            "higher_education_percentage": "24.9854%",
            "medium_age": 39,
            "having_children_percentage": "76.3905%",
            "volunteer_total_num": 2203,
            "average_income_per_person_per_week": 874
        },
        "key": "209011200"
    }, {
        "value": {
            "higher_education_percentage": "22.7984%",
            "medium_age": 44,
            "having_children_percentage": "78.0102%",
            "volunteer_total_num": 1628,
            "average_income_per_person_per_week": 948
        },
        "key": "209011201"
    }, {
        "value": {
            "higher_education_percentage": "15.9564%",
            "medium_age": 41,
            "having_children_percentage": "74.7156%",
            "volunteer_total_num": 3002,
            "average_income_per_person_per_week": 786
        },
        "key": "209011202"
    }, {
        "value": {
            "higher_education_percentage": "17.4267%",
            "medium_age": 40,
            "having_children_percentage": "76.7994%",
            "volunteer_total_num": 3034,
            "average_income_per_person_per_week": 737
        },
        "key": "209011203"
    }, {
        "value": {
            "higher_education_percentage": "25.1041%",
            "medium_age": 35,
            "having_children_percentage": "72.7591%",
            "volunteer_total_num": 2485,
            "average_income_per_person_per_week": 625
        },
        "key": "209021428"
    }, {
        "value": {
            "higher_education_percentage": "15.9172%",
            "medium_age": 38,
            "having_children_percentage": "82.1692%",
            "volunteer_total_num": 2333,
            "average_income_per_person_per_week": 765
        },
        "key": "209031215"
    }, {
        "value": {
            "higher_education_percentage": "13.5032%",
            "medium_age": 35,
            "having_children_percentage": "82.9181%",
            "volunteer_total_num": 1114,
            "average_income_per_person_per_week": 562
        },
        "key": "209041431"
    }, {
        "value": {
            "higher_education_percentage": "15.1143%",
            "medium_age": 36,
            "having_children_percentage": "78.8940%",
            "volunteer_total_num": 669,
            "average_income_per_person_per_week": 502
        },
        "key": "209041432"
    }, {
        "value": {
            "higher_education_percentage": "40.3540%",
            "medium_age": 31,
            "having_children_percentage": "78.6738%",
            "volunteer_total_num": 956,
            "average_income_per_person_per_week": 558
        },
        "key": "209041216"
    }, {
        "value": {
            "higher_education_percentage": "14.0169%",
            "medium_age": 31,
            "having_children_percentage": "86.9388%",
            "volunteer_total_num": 846,
            "average_income_per_person_per_week": 676
        },
        "key": "209041433"
    }, {
        "value": {
            "higher_education_percentage": "11.0406%",
            "medium_age": 31,
            "having_children_percentage": "82.4699%",
            "volunteer_total_num": 1412,
            "average_income_per_person_per_week": 776
        },
        "key": "209041434"
    }, {
        "value": {
            "higher_education_percentage": "12.0868%",
            "medium_age": 32,
            "having_children_percentage": "86.6141%",
            "volunteer_total_num": 1046,
            "average_income_per_person_per_week": 761
        },
        "key": "209041435"
    }, {
        "value": {
            "higher_education_percentage": "18.7345%",
            "medium_age": 38,
            "having_children_percentage": "82.1506%",
            "volunteer_total_num": 1714,
            "average_income_per_person_per_week": 591
        },
        "key": "209041220"
    }, {
        "value": {
            "higher_education_percentage": "19.6248%",
            "medium_age": 36,
            "having_children_percentage": "80.5930%",
            "volunteer_total_num": 1218,
            "average_income_per_person_per_week": 586
        },
        "key": "209041221"
    }, {
        "value": {
            "higher_education_percentage": "14.7107%",
            "medium_age": 40,
            "having_children_percentage": "73.5577%",
            "volunteer_total_num": 803,
            "average_income_per_person_per_week": 683
        },
        "key": "210011226"
    }, {
        "value": {
            "higher_education_percentage": "16.1574%",
            "medium_age": 38,
            "having_children_percentage": "77.1843%",
            "volunteer_total_num": 1367,
            "average_income_per_person_per_week": 425
        },
        "key": "209041223"
    }, {
        "value": {
            "higher_education_percentage": "7.1672%",
            "medium_age": 34,
            "having_children_percentage": "80.3491%",
            "volunteer_total_num": 1860,
            "average_income_per_person_per_week": 714
        },
        "key": "209041224"
    }, {
        "value": {
            "higher_education_percentage": "8.0897%",
            "medium_age": 41,
            "having_children_percentage": "77.7710%",
            "volunteer_total_num": 1306,
            "average_income_per_person_per_week": 637
        },
        "key": "209041225"
    }, {
        "value": {
            "higher_education_percentage": "10.2264%",
            "medium_age": 31,
            "having_children_percentage": "83.9730%",
            "volunteer_total_num": 2480,
            "average_income_per_person_per_week": 794
        },
        "key": "209041430"
    }, {
        "value": {
            "higher_education_percentage": "13.9955%",
            "medium_age": 36,
            "having_children_percentage": "82.8251%",
            "volunteer_total_num": 1214,
            "average_income_per_person_per_week": 653
        },
        "key": "209041436"
    }, {
        "value": {
            "higher_education_percentage": "13.5086%",
            "medium_age": 30,
            "having_children_percentage": "82.5341%",
            "volunteer_total_num": 632,
            "average_income_per_person_per_week": 708
        },
        "key": "209041437"
    }, {
        "value": {
            "higher_education_percentage": "15.8983%",
            "medium_age": 44,
            "having_children_percentage": "74.9197%",
            "volunteer_total_num": 1117,
            "average_income_per_person_per_week": 644
        },
        "key": "210011228"
    }, {
        "value": {
            "higher_education_percentage": "15.7020%",
            "medium_age": 43,
            "having_children_percentage": "75.4779%",
            "volunteer_total_num": 2931,
            "average_income_per_person_per_week": 572
        },
        "key": "210011229"
    }, {
        "value": {
            "higher_education_percentage": "17.4109%",
            "medium_age": 39,
            "having_children_percentage": "79.2958%",
            "volunteer_total_num": 998,
            "average_income_per_person_per_week": 764
        },
        "key": "210011230"
    }, {
        "value": {
            "higher_education_percentage": "17.7734%",
            "medium_age": 40,
            "having_children_percentage": "80.8628%",
            "volunteer_total_num": 1496,
            "average_income_per_person_per_week": 817
        },
        "key": "210011231"
    }, {
        "value": {
            "higher_education_percentage": "10.7575%",
            "medium_age": 39,
            "having_children_percentage": "77.5374%",
            "volunteer_total_num": 2382,
            "average_income_per_person_per_week": 749
        },
        "key": "210021232"
    }, {
        "value": {
            "higher_education_percentage": "8.2594%",
            "medium_age": 34,
            "having_children_percentage": "80.5986%",
            "volunteer_total_num": 1824,
            "average_income_per_person_per_week": 593
        },
        "key": "212031300"
    }, {
        "value": {
            "higher_education_percentage": "9.9034%",
            "medium_age": 31,
            "having_children_percentage": "81.3550%",
            "volunteer_total_num": 2282,
            "average_income_per_person_per_week": 744
        },
        "key": "212031301"
    }, {
        "value": {
            "higher_education_percentage": "11.3430%",
            "medium_age": 44,
            "having_children_percentage": "71.4182%",
            "volunteer_total_num": 739,
            "average_income_per_person_per_week": 796
        },
        "key": "210021233"
    }, {
        "value": {
            "higher_education_percentage": "11.8174%",
            "medium_age": 42,
            "having_children_percentage": "77.0950%",
            "volunteer_total_num": 885,
            "average_income_per_person_per_week": 750
        },
        "key": "210021234"
    }, {
        "value": {
            "higher_education_percentage": "7.4126%",
            "medium_age": 42,
            "having_children_percentage": "73.7023%",
            "volunteer_total_num": 1762,
            "average_income_per_person_per_week": 668
        },
        "key": "210021235"
    }, {
        "value": {
            "higher_education_percentage": "23.4891%",
            "medium_age": 37,
            "having_children_percentage": "74.9233%",
            "volunteer_total_num": 981,
            "average_income_per_person_per_week": 639
        },
        "key": "210031236"
    }, {
        "value": {
            "higher_education_percentage": "16.3971%",
            "medium_age": 34,
            "having_children_percentage": "82.0407%",
            "volunteer_total_num": 1090,
            "average_income_per_person_per_week": 451
        },
        "key": "210031237"
    }, {
        "value": {
            "higher_education_percentage": "19.0954%",
            "medium_age": 34,
            "having_children_percentage": "75.8987%",
            "volunteer_total_num": 1964,
            "average_income_per_person_per_week": 540
        },
        "key": "210031438"
    }, {
        "value": {
            "higher_education_percentage": "19.3135%",
            "medium_age": 35,
            "having_children_percentage": "75.0593%",
            "volunteer_total_num": 2941,
            "average_income_per_person_per_week": 738
        },
        "key": "210031239"
    }, {
        "value": {
            "higher_education_percentage": "12.7811%",
            "medium_age": 37,
            "having_children_percentage": "77.5628%",
            "volunteer_total_num": 393,
            "average_income_per_person_per_week": 802
        },
        "key": "210031439"
    }, {
        "value": {
            "higher_education_percentage": "12.8626%",
            "medium_age": 31,
            "having_children_percentage": "84.9729%",
            "volunteer_total_num": 918,
            "average_income_per_person_per_week": 404
        },
        "key": "210051242"
    }, {
        "value": {
            "higher_education_percentage": "12.7698%",
            "medium_age": 31,
            "having_children_percentage": "88.6795%",
            "volunteer_total_num": 950,
            "average_income_per_person_per_week": 375
        },
        "key": "210051247"
    }, {
        "value": {
            "higher_education_percentage": "2.6549%",
            "medium_age": 36,
            "having_children_percentage": "64.0000%",
            "volunteer_total_num": 14,
            "average_income_per_person_per_week": 919
        },
        "key": "210051248"
    }, {
        "value": {
            "higher_education_percentage": "12.0332%",
            "medium_age": 33,
            "having_children_percentage": "85.6843%",
            "volunteer_total_num": 982,
            "average_income_per_person_per_week": 377
        },
        "key": "210051243"
    }, {
        "value": {
            "higher_education_percentage": "14.3179%",
            "medium_age": 41,
            "having_children_percentage": "77.8558%",
            "volunteer_total_num": 1796,
            "average_income_per_person_per_week": 588
        },
        "key": "210051245"
    }, {
        "value": {
            "higher_education_percentage": "17.3406%",
            "medium_age": 35,
            "having_children_percentage": "84.2919%",
            "volunteer_total_num": 1541,
            "average_income_per_person_per_week": 668
        },
        "key": "210051246"
    }, {
        "value": {
            "higher_education_percentage": "13.2771%",
            "medium_age": 37,
            "having_children_percentage": "76.0809%",
            "volunteer_total_num": 762,
            "average_income_per_person_per_week": 683
        },
        "key": "211031452"
    }, {
        "value": {
            "higher_education_percentage": "13.5585%",
            "medium_age": 29,
            "having_children_percentage": "91.4258%",
            "volunteer_total_num": 1617,
            "average_income_per_person_per_week": 404
        },
        "key": "210051249"
    }, {
        "value": {
            "higher_education_percentage": "13.7376%",
            "medium_age": 38,
            "having_children_percentage": "72.7993%",
            "volunteer_total_num": 594,
            "average_income_per_person_per_week": 621
        },
        "key": "210051250"
    }, {
        "value": {
            "higher_education_percentage": "10.8139%",
            "medium_age": 33,
            "having_children_percentage": "84.3922%",
            "volunteer_total_num": 785,
            "average_income_per_person_per_week": 562
        },
        "key": "210051441"
    }, {
        "value": {
            "higher_education_percentage": "11.5723%",
            "medium_age": 29,
            "having_children_percentage": "89.3405%",
            "volunteer_total_num": 995,
            "average_income_per_person_per_week": 675
        },
        "key": "210051442"
    }, {
        "value": {
            "higher_education_percentage": "12.1765%",
            "medium_age": 29,
            "having_children_percentage": "84.6718%",
            "volunteer_total_num": 1052,
            "average_income_per_person_per_week": 652
        },
        "key": "210051444"
    }, {
        "value": {
            "higher_education_percentage": "15.0905%",
            "medium_age": 31,
            "having_children_percentage": "79.0182%",
            "volunteer_total_num": 309,
            "average_income_per_person_per_week": 767
        },
        "key": "210051445"
    }, {
        "value": {
            "higher_education_percentage": "14.9800%",
            "medium_age": 38,
            "having_children_percentage": "74.8409%",
            "volunteer_total_num": 1738,
            "average_income_per_person_per_week": 640
        },
        "key": "211011251"
    }, {
        "value": {
            "higher_education_percentage": "17.0810%",
            "medium_age": 38,
            "having_children_percentage": "77.6643%",
            "volunteer_total_num": 2515,
            "average_income_per_person_per_week": 642
        },
        "key": "211011254"
    }, {
        "value": {
            "higher_education_percentage": "13.8276%",
            "medium_age": 31,
            "having_children_percentage": "85.3553%",
            "volunteer_total_num": 1371,
            "average_income_per_person_per_week": 579
        },
        "key": "210051443"
    }, {
        "value": {
            "higher_education_percentage": "17.7470%",
            "medium_age": 39,
            "having_children_percentage": "84.8449%",
            "volunteer_total_num": 1022,
            "average_income_per_person_per_week": 762
        },
        "key": "211011255"
    }, {
        "value": {
            "higher_education_percentage": "15.8826%",
            "medium_age": 38,
            "having_children_percentage": "83.1422%",
            "volunteer_total_num": 1236,
            "average_income_per_person_per_week": 697
        },
        "key": "211011257"
    }, {
        "value": {
            "higher_education_percentage": "18.3812%",
            "medium_age": 39,
            "having_children_percentage": "81.6535%",
            "volunteer_total_num": 1548,
            "average_income_per_person_per_week": 724
        },
        "key": "211011258"
    }, {
        "value": {
            "higher_education_percentage": "17.7883%",
            "medium_age": 42,
            "having_children_percentage": "75.9242%",
            "volunteer_total_num": 2306,
            "average_income_per_person_per_week": 636
        },
        "key": "211011259"
    }, {
        "value": {
            "higher_education_percentage": "23.0484%",
            "medium_age": 43,
            "having_children_percentage": "77.7748%",
            "volunteer_total_num": 3092,
            "average_income_per_person_per_week": 612
        },
        "key": "211011260"
    }, {
        "value": {
            "higher_education_percentage": "18.2623%",
            "medium_age": 38,
            "having_children_percentage": "81.4057%",
            "volunteer_total_num": 2255,
            "average_income_per_person_per_week": 688
        },
        "key": "211011256"
    }, {
        "value": {
            "higher_education_percentage": "12.3852%",
            "medium_age": 39,
            "having_children_percentage": "73.7466%",
            "volunteer_total_num": 3256,
            "average_income_per_person_per_week": 658
        },
        "key": "211011446"
    }, {
        "value": {
            "higher_education_percentage": "12.4478%",
            "medium_age": 40,
            "having_children_percentage": "75.1231%",
            "volunteer_total_num": 2259,
            "average_income_per_person_per_week": 657
        },
        "key": "211011447"
    }, {
        "value": {
            "higher_education_percentage": "16.7558%",
            "medium_age": 39,
            "having_children_percentage": "81.2097%",
            "volunteer_total_num": 3323,
            "average_income_per_person_per_week": 751
        },
        "key": "211031265"
    }, {
        "value": {
            "higher_education_percentage": "16.9556%",
            "medium_age": 37,
            "having_children_percentage": "74.7445%",
            "volunteer_total_num": 2842,
            "average_income_per_person_per_week": 654
        },
        "key": "211031266"
    }, {
        "value": {
            "higher_education_percentage": "12.7483%",
            "medium_age": 38,
            "having_children_percentage": "77.9053%",
            "volunteer_total_num": 2190,
            "average_income_per_person_per_week": 672
        },
        "key": "211011448"
    }, {
        "value": {
            "higher_education_percentage": "15.4332%",
            "medium_age": 39,
            "having_children_percentage": "76.3959%",
            "volunteer_total_num": 3806,
            "average_income_per_person_per_week": 709
        },
        "key": "211031267"
    }, {
        "value": {
            "higher_education_percentage": "17.3790%",
            "medium_age": 41,
            "having_children_percentage": "77.4960%",
            "volunteer_total_num": 1858,
            "average_income_per_person_per_week": 732
        },
        "key": "211031268"
    }, {
        "value": {
            "higher_education_percentage": "11.5108%",
            "medium_age": 38,
            "having_children_percentage": "77.3097%",
            "volunteer_total_num": 749,
            "average_income_per_person_per_week": 718
        },
        "key": "211011449"
    }, {
        "value": {
            "higher_education_percentage": "19.0089%",
            "medium_age": 43,
            "having_children_percentage": "79.0627%",
            "volunteer_total_num": 2990,
            "average_income_per_person_per_week": 706
        },
        "key": "211021261"
    }, {
        "value": {
            "higher_education_percentage": "16.0084%",
            "medium_age": 43,
            "having_children_percentage": "80.2702%",
            "volunteer_total_num": 2113,
            "average_income_per_person_per_week": 778
        },
        "key": "211021262"
    }, {
        "value": {
            "higher_education_percentage": "12.0506%",
            "medium_age": 37,
            "having_children_percentage": "73.1110%",
            "volunteer_total_num": 2315,
            "average_income_per_person_per_week": 689
        },
        "key": "211031450"
    }, {
        "value": {
            "higher_education_percentage": "14.5475%",
            "medium_age": 40,
            "having_children_percentage": "75.2843%",
            "volunteer_total_num": 2201,
            "average_income_per_person_per_week": 646
        },
        "key": "211031451"
    }, {
        "value": {
            "higher_education_percentage": "11.7681%",
            "medium_age": 37,
            "having_children_percentage": "80.0875%",
            "volunteer_total_num": 1723,
            "average_income_per_person_per_week": 711
        },
        "key": "211031263"
    }, {
        "value": {
            "higher_education_percentage": "19.7954%",
            "medium_age": 40,
            "having_children_percentage": "76.3048%",
            "volunteer_total_num": 1762,
            "average_income_per_person_per_week": 582
        },
        "key": "211041269"
    }, {
        "value": {
            "higher_education_percentage": "18.5088%",
            "medium_age": 38,
            "having_children_percentage": "74.8624%",
            "volunteer_total_num": 3131,
            "average_income_per_person_per_week": 747
        },
        "key": "211041270"
    }, {
        "value": {
            "higher_education_percentage": "16.2923%",
            "medium_age": 40,
            "having_children_percentage": "79.2023%",
            "volunteer_total_num": 1979,
            "average_income_per_person_per_week": 686
        },
        "key": "211041272"
    }, {
        "value": {
            "higher_education_percentage": "24.1441%",
            "medium_age": 45,
            "having_children_percentage": "75.0953%",
            "volunteer_total_num": 2247,
            "average_income_per_person_per_week": 590
        },
        "key": "211041273"
    }, {
        "value": {
            "higher_education_percentage": "18.1945%",
            "medium_age": 38,
            "having_children_percentage": "76.0862%",
            "volunteer_total_num": 2122,
            "average_income_per_person_per_week": 663
        },
        "key": "211041271"
    }, {
        "value": {
            "higher_education_percentage": "13.5390%",
            "medium_age": 39,
            "having_children_percentage": "78.2552%",
            "volunteer_total_num": 2011,
            "average_income_per_person_per_week": 723
        },
        "key": "211051274"
    }, {
        "value": {
            "higher_education_percentage": "13.8909%",
            "medium_age": 39,
            "having_children_percentage": "75.2195%",
            "volunteer_total_num": 1521,
            "average_income_per_person_per_week": 688
        },
        "key": "211051275"
    }, {
        "value": {
            "higher_education_percentage": "7.5140%",
            "medium_age": 43,
            "having_children_percentage": "72.0996%",
            "volunteer_total_num": 2453,
            "average_income_per_person_per_week": 613
        },
        "key": "211051276"
    }, {
        "value": {
            "higher_education_percentage": "10.8714%",
            "medium_age": 40,
            "having_children_percentage": "73.5044%",
            "volunteer_total_num": 1280,
            "average_income_per_person_per_week": 655
        },
        "key": "211051277"
    }, {
        "value": {
            "higher_education_percentage": "10.7163%",
            "medium_age": 39,
            "having_children_percentage": "75.8634%",
            "volunteer_total_num": 3000,
            "average_income_per_person_per_week": 665
        },
        "key": "211051278"
    }, {
        "value": {
            "higher_education_percentage": "10.4129%",
            "medium_age": 42,
            "having_children_percentage": "75.1169%",
            "volunteer_total_num": 1125,
            "average_income_per_person_per_week": 635
        },
        "key": "211051279"
    }, {
        "value": {
            "higher_education_percentage": "10.4935%",
            "medium_age": 41,
            "having_children_percentage": "76.8087%",
            "volunteer_total_num": 1122,
            "average_income_per_person_per_week": 691
        },
        "key": "211051280"
    }, {
        "value": {
            "higher_education_percentage": "12.2619%",
            "medium_age": 36,
            "having_children_percentage": "78.7969%",
            "volunteer_total_num": 3385,
            "average_income_per_person_per_week": 687
        },
        "key": "211051281"
    }, {
        "value": {
            "higher_education_percentage": "13.7255%",
            "medium_age": 44,
            "having_children_percentage": "71.3793%",
            "volunteer_total_num": 2203,
            "average_income_per_person_per_week": 728
        },
        "key": "211051282"
    }, {
        "value": {
            "higher_education_percentage": "9.3429%",
            "medium_age": 30,
            "having_children_percentage": "78.9596%",
            "volunteer_total_num": 1950,
            "average_income_per_person_per_week": 684
        },
        "key": "212011291"
    }, {
        "value": {
            "higher_education_percentage": "10.1619%",
            "medium_age": 37,
            "having_children_percentage": "78.4275%",
            "volunteer_total_num": 1759,
            "average_income_per_person_per_week": 678
        },
        "key": "211051283"
    }, {
        "value": {
            "higher_education_percentage": "17.3340%",
            "medium_age": 38,
            "having_children_percentage": "79.2603%",
            "volunteer_total_num": 1594,
            "average_income_per_person_per_week": 561
        },
        "key": "212021454"
    }, {
        "value": {
            "higher_education_percentage": "13.7493%",
            "medium_age": 32,
            "having_children_percentage": "86.7866%",
            "volunteer_total_num": 1508,
            "average_income_per_person_per_week": 732
        },
        "key": "212031306"
    }, {
        "value": {
            "higher_education_percentage": "7.9794%",
            "medium_age": 40,
            "having_children_percentage": "77.1245%",
            "volunteer_total_num": 1065,
            "average_income_per_person_per_week": 651
        },
        "key": "212031308"
    }, {
        "value": {
            "higher_education_percentage": "15.7951%",
            "medium_age": 40,
            "having_children_percentage": "77.6926%",
            "volunteer_total_num": 1838,
            "average_income_per_person_per_week": 753
        },
        "key": "211051284"
    }, {
        "value": {
            "higher_education_percentage": "8.2593%",
            "medium_age": 38,
            "having_children_percentage": "76.9994%",
            "volunteer_total_num": 1327,
            "average_income_per_person_per_week": 686
        },
        "key": "211051285"
    }, {
        "value": {
            "higher_education_percentage": "6.4955%",
            "medium_age": 42,
            "having_children_percentage": "74.1360%",
            "volunteer_total_num": 2678,
            "average_income_per_person_per_week": 566
        },
        "key": "211051286"
    }, {
        "value": {
            "higher_education_percentage": "12.9698%",
            "medium_age": 33,
            "having_children_percentage": "80.7614%",
            "volunteer_total_num": 1874,
            "average_income_per_person_per_week": 792
        },
        "key": "212011287"
    }, {
        "value": {
            "higher_education_percentage": "8.2873%",
            "medium_age": 42,
            "having_children_percentage": "75.5128%",
            "volunteer_total_num": 1672,
            "average_income_per_person_per_week": 632
        },
        "key": "212011288"
    }, {
        "value": {
            "higher_education_percentage": "9.8381%",
            "medium_age": 40,
            "having_children_percentage": "77.5555%",
            "volunteer_total_num": 3369,
            "average_income_per_person_per_week": 700
        },
        "key": "212011289"
    }, {
        "value": {
            "higher_education_percentage": "6.0078%",
            "medium_age": 39,
            "having_children_percentage": "75.6443%",
            "volunteer_total_num": 1183,
            "average_income_per_person_per_week": 621
        },
        "key": "212011290"
    }, {
        "value": {
            "higher_education_percentage": "9.2519%",
            "medium_age": 32,
            "having_children_percentage": "81.1212%",
            "volunteer_total_num": 3114,
            "average_income_per_person_per_week": 647
        },
        "key": "212011292"
    }, {
        "value": {
            "higher_education_percentage": "15.8750%",
            "medium_age": 42,
            "having_children_percentage": "76.4954%",
            "volunteer_total_num": 3421,
            "average_income_per_person_per_week": 678
        },
        "key": "212021293"
    }, {
        "value": {
            "higher_education_percentage": "11.7621%",
            "medium_age": 33,
            "having_children_percentage": "86.8056%",
            "volunteer_total_num": 3206,
            "average_income_per_person_per_week": 737
        },
        "key": "212021294"
    }, {
        "value": {
            "higher_education_percentage": "8.8696%",
            "medium_age": 34,
            "having_children_percentage": "80.5129%",
            "volunteer_total_num": 922,
            "average_income_per_person_per_week": 449
        },
        "key": "212021295"
    }, {
        "value": {
            "higher_education_percentage": "13.1071%",
            "medium_age": 35,
            "having_children_percentage": "81.1715%",
            "volunteer_total_num": 946,
            "average_income_per_person_per_week": 488
        },
        "key": "212021297"
    }, {
        "value": {
            "higher_education_percentage": "16.4216%",
            "medium_age": 41,
            "having_children_percentage": "81.0763%",
            "volunteer_total_num": 1160,
            "average_income_per_person_per_week": 683
        },
        "key": "212021299"
    }, {
        "value": {
            "higher_education_percentage": "15.9526%",
            "medium_age": 37,
            "having_children_percentage": "81.7783%",
            "volunteer_total_num": 1501,
            "average_income_per_person_per_week": 583
        },
        "key": "212021453"
    }, {
        "value": {
            "higher_education_percentage": "13.8109%",
            "medium_age": 35,
            "having_children_percentage": "83.2288%",
            "volunteer_total_num": 1609,
            "average_income_per_person_per_week": 630
        },
        "key": "212021455"
    }, {
        "value": {
            "higher_education_percentage": "13.1553%",
            "medium_age": 34,
            "having_children_percentage": "79.0919%",
            "volunteer_total_num": 1453,
            "average_income_per_person_per_week": 588
        },
        "key": "212021456"
    }, {
        "value": {
            "higher_education_percentage": "12.7951%",
            "medium_age": 34,
            "having_children_percentage": "86.7510%",
            "volunteer_total_num": 1674,
            "average_income_per_person_per_week": 668
        },
        "key": "212031457"
    }, {
        "value": {
            "higher_education_percentage": "11.9071%",
            "medium_age": 32,
            "having_children_percentage": "86.8624%",
            "volunteer_total_num": 1660,
            "average_income_per_person_per_week": 613
        },
        "key": "212031458"
    }, {
        "value": {
            "higher_education_percentage": "21.0087%",
            "medium_age": 43,
            "having_children_percentage": "78.5382%",
            "volunteer_total_num": 1243,
            "average_income_per_person_per_week": 533
        },
        "key": "212041309"
    }, {
        "value": {
            "higher_education_percentage": "29.1878%",
            "medium_age": 33,
            "having_children_percentage": "75.1227%",
            "volunteer_total_num": 1177,
            "average_income_per_person_per_week": 489
        },
        "key": "212041310"
    }, {
        "value": {
            "higher_education_percentage": "12.6956%",
            "medium_age": 33,
            "having_children_percentage": "80.6537%",
            "volunteer_total_num": 2504,
            "average_income_per_person_per_week": 460
        },
        "key": "212041311"
    }, {
        "value": {
            "higher_education_percentage": "14.1333%",
            "medium_age": 37,
            "having_children_percentage": "80.0669%",
            "volunteer_total_num": 2265,
            "average_income_per_person_per_week": 486
        },
        "key": "212041312"
    }, {
        "value": {
            "higher_education_percentage": "15.0508%",
            "medium_age": 43,
            "having_children_percentage": "77.0817%",
            "volunteer_total_num": 1704,
            "average_income_per_person_per_week": 694
        },
        "key": "212041313"
    }, {
        "value": {
            "higher_education_percentage": "19.7179%",
            "medium_age": 34,
            "having_children_percentage": "74.6641%",
            "volunteer_total_num": 1079,
            "average_income_per_person_per_week": 534
        },
        "key": "212041459"
    }, {
        "value": {
            "higher_education_percentage": "17.4807%",
            "medium_age": 35,
            "having_children_percentage": "81.8354%",
            "volunteer_total_num": 2483,
            "average_income_per_person_per_week": 581
        },
        "key": "212041314"
    }, {
        "value": {
            "higher_education_percentage": "15.3119%",
            "medium_age": 39,
            "having_children_percentage": "79.0953%",
            "volunteer_total_num": 698,
            "average_income_per_person_per_week": 496
        },
        "key": "212041316"
    }, {
        "value": {
            "higher_education_percentage": "21.5109%",
            "medium_age": 34,
            "having_children_percentage": "80.5009%",
            "volunteer_total_num": 1947,
            "average_income_per_person_per_week": 409
        },
        "key": "212041317"
    }, {
        "value": {
            "higher_education_percentage": "18.7422%",
            "medium_age": 35,
            "having_children_percentage": "82.8316%",
            "volunteer_total_num": 1072,
            "average_income_per_person_per_week": 449
        },
        "key": "212041318"
    }, {
        "value": {
            "higher_education_percentage": "17.3359%",
            "medium_age": 35,
            "having_children_percentage": "80.2882%",
            "volunteer_total_num": 1611,
            "average_income_per_person_per_week": 460
        },
        "key": "212041460"
    }, {
        "value": {
            "higher_education_percentage": "25.5191%",
            "medium_age": 35,
            "having_children_percentage": "75.6201%",
            "volunteer_total_num": 2690,
            "average_income_per_person_per_week": 648
        },
        "key": "212051319"
    }, {
        "value": {
            "higher_education_percentage": "70.5199%",
            "medium_age": 26,
            "having_children_percentage": "69.4160%",
            "volunteer_total_num": 3818,
            "average_income_per_person_per_week": 349
        },
        "key": "212051320"
    }, {
        "value": {
            "higher_education_percentage": "24.0263%",
            "medium_age": 42,
            "having_children_percentage": "78.2069%",
            "volunteer_total_num": 3974,
            "average_income_per_person_per_week": 569
        },
        "key": "212051321"
    }, {
        "value": {
            "higher_education_percentage": "26.3424%",
            "medium_age": 39,
            "having_children_percentage": "80.2334%",
            "volunteer_total_num": 3167,
            "average_income_per_person_per_week": 552
        },
        "key": "212051322"
    }, {
        "value": {
            "higher_education_percentage": "26.8894%",
            "medium_age": 41,
            "having_children_percentage": "77.3211%",
            "volunteer_total_num": 3011,
            "average_income_per_person_per_week": 631
        },
        "key": "212051323"
    }, {
        "value": {
            "higher_education_percentage": "24.0089%",
            "medium_age": 40,
            "having_children_percentage": "77.2495%",
            "volunteer_total_num": 3252,
            "average_income_per_person_per_week": 660
        },
        "key": "212051324"
    }, {
        "value": {
            "higher_education_percentage": "20.8616%",
            "medium_age": 39,
            "having_children_percentage": "76.7220%",
            "volunteer_total_num": 2497,
            "average_income_per_person_per_week": 609
        },
        "key": "212051325"
    }, {
        "value": {
            "higher_education_percentage": "30.1271%",
            "medium_age": 36,
            "having_children_percentage": "76.6353%",
            "volunteer_total_num": 2887,
            "average_income_per_person_per_week": 632
        },
        "key": "212051326"
    }, {
        "value": {
            "higher_education_percentage": "21.3038%",
            "medium_age": 46,
            "having_children_percentage": "75.0698%",
            "volunteer_total_num": 3266,
            "average_income_per_person_per_week": 624
        },
        "key": "212051327"
    }, {
        "value": {
            "higher_education_percentage": "17.9339%",
            "medium_age": 34,
            "having_children_percentage": "75.0235%",
            "volunteer_total_num": 792,
            "average_income_per_person_per_week": 515
        },
        "key": "213011328"
    }, {
        "value": {
            "higher_education_percentage": "17.7641%",
            "medium_age": 33,
            "having_children_percentage": "88.1833%",
            "volunteer_total_num": 850,
            "average_income_per_person_per_week": 549
        },
        "key": "213011329"
    }, {
        "value": {
            "higher_education_percentage": "18.0902%",
            "medium_age": 39,
            "having_children_percentage": "78.4703%",
            "volunteer_total_num": 1243,
            "average_income_per_person_per_week": 520
        },
        "key": "213011332"
    }, {
        "value": {
            "higher_education_percentage": "13.2546%",
            "medium_age": 33,
            "having_children_percentage": "84.0203%",
            "volunteer_total_num": 2081,
            "average_income_per_person_per_week": 576
        },
        "key": "213011330"
    }, {
        "value": {
            "higher_education_percentage": "16.6865%",
            "medium_age": 36,
            "having_children_percentage": "83.9904%",
            "volunteer_total_num": 715,
            "average_income_per_person_per_week": 482
        },
        "key": "213011331"
    }, {
        "value": {
            "higher_education_percentage": "13.1083%",
            "medium_age": 37,
            "having_children_percentage": "81.2208%",
            "volunteer_total_num": 958,
            "average_income_per_person_per_week": 426
        },
        "key": "213011333"
    }, {
        "value": {
            "higher_education_percentage": "17.0569%",
            "medium_age": 35,
            "having_children_percentage": "79.0974%",
            "volunteer_total_num": 1536,
            "average_income_per_person_per_week": 427
        },
        "key": "213011334"
    }, {
        "value": {
            "higher_education_percentage": "13.6481%",
            "medium_age": 37,
            "having_children_percentage": "76.1807%",
            "volunteer_total_num": 1423,
            "average_income_per_person_per_week": 539
        },
        "key": "213021343"
    }, {
        "value": {
            "higher_education_percentage": "18.2606%",
            "medium_age": 35,
            "having_children_percentage": "81.1070%",
            "volunteer_total_num": 1320,
            "average_income_per_person_per_week": 404
        },
        "key": "213011335"
    }, {
        "value": {
            "higher_education_percentage": "17.4755%",
            "medium_age": 35,
            "having_children_percentage": "82.4241%",
            "volunteer_total_num": 972,
            "average_income_per_person_per_week": 441
        },
        "key": "213011337"
    }, {
        "value": {
            "higher_education_percentage": "20.9496%",
            "medium_age": 34,
            "having_children_percentage": "78.3650%",
            "volunteer_total_num": 1064,
            "average_income_per_person_per_week": 494
        },
        "key": "213011336"
    }, {
        "value": {
            "higher_education_percentage": "15.1470%",
            "medium_age": 34,
            "having_children_percentage": "84.2375%",
            "volunteer_total_num": 1159,
            "average_income_per_person_per_week": 601
        },
        "key": "213011339"
    }, {
        "value": {
            "higher_education_percentage": "16.4216%",
            "medium_age": 36,
            "having_children_percentage": "79.7067%",
            "volunteer_total_num": 1630,
            "average_income_per_person_per_week": 445
        },
        "key": "213011338"
    }, {
        "value": {
            "higher_education_percentage": "20.0881%",
            "medium_age": 41,
            "having_children_percentage": "82.4542%",
            "volunteer_total_num": 1915,
            "average_income_per_person_per_week": 644
        },
        "key": "213011340"
    }, {
        "value": {
            "higher_education_percentage": "16.8284%",
            "medium_age": 42,
            "having_children_percentage": "70.8199%",
            "volunteer_total_num": 1931,
            "average_income_per_person_per_week": 734
        },
        "key": "213021341"
    }, {
        "value": {
            "higher_education_percentage": "18.0223%",
            "medium_age": 37,
            "having_children_percentage": "76.7405%",
            "volunteer_total_num": 2831,
            "average_income_per_person_per_week": 961
        },
        "key": "213021344"
    }, {
        "value": {
            "higher_education_percentage": "15.0000%",
            "medium_age": 35,
            "having_children_percentage": "82.3663%",
            "volunteer_total_num": 634,
            "average_income_per_person_per_week": 684
        },
        "key": "213021345"
    }, {
        "value": {
            "higher_education_percentage": "18.2517%",
            "medium_age": 42,
            "having_children_percentage": "77.9832%",
            "volunteer_total_num": 2994,
            "average_income_per_person_per_week": 885
        },
        "key": "213021346"
    }, {
        "value": {
            "higher_education_percentage": "26.9098%",
            "medium_age": 34,
            "having_children_percentage": "73.2925%",
            "volunteer_total_num": 1621,
            "average_income_per_person_per_week": 694
        },
        "key": "213031351"
    }, {
        "value": {
            "higher_education_percentage": "24.0413%",
            "medium_age": 32,
            "having_children_percentage": "79.4383%",
            "volunteer_total_num": 1894,
            "average_income_per_person_per_week": 495
        },
        "key": "213031347"
    }, {
        "value": {
            "higher_education_percentage": "38.5702%",
            "medium_age": 32,
            "having_children_percentage": "64.5420%",
            "volunteer_total_num": 2394,
            "average_income_per_person_per_week": 623
        },
        "key": "213031348"
    }, {
        "value": {
            "higher_education_percentage": "29.2929%",
            "medium_age": 33,
            "having_children_percentage": "73.0921%",
            "volunteer_total_num": 1604,
            "average_income_per_person_per_week": 779
        },
        "key": "213031349"
    }, {
        "value": {
            "higher_education_percentage": "24.6821%",
            "medium_age": 35,
            "having_children_percentage": "72.2505%",
            "volunteer_total_num": 1380,
            "average_income_per_person_per_week": 904
        },
        "key": "213031350"
    }, {
        "value": {
            "higher_education_percentage": "21.2029%",
            "medium_age": 36,
            "having_children_percentage": "73.5528%",
            "volunteer_total_num": 2432,
            "average_income_per_person_per_week": 923
        },
        "key": "213031352"
    }, {
        "value": {
            "higher_education_percentage": "10.0997%",
            "medium_age": 37,
            "having_children_percentage": "77.1632%",
            "volunteer_total_num": 3053,
            "average_income_per_person_per_week": 652
        },
        "key": "213041353"
    }, {
        "value": {
            "higher_education_percentage": "13.1020%",
            "medium_age": 32,
            "having_children_percentage": "84.6201%",
            "volunteer_total_num": 1994,
            "average_income_per_person_per_week": 732
        },
        "key": "213041355"
    }, {
        "value": {
            "higher_education_percentage": "8.4755%",
            "medium_age": 35,
            "having_children_percentage": "78.7921%",
            "volunteer_total_num": 1845,
            "average_income_per_person_per_week": 547
        },
        "key": "213041356"
    }, {
        "value": {
            "higher_education_percentage": "8.8978%",
            "medium_age": 33,
            "having_children_percentage": "80.2427%",
            "volunteer_total_num": 2258,
            "average_income_per_person_per_week": 615
        },
        "key": "213041357"
    }, {
        "value": {
            "higher_education_percentage": "8.2528%",
            "medium_age": 31,
            "having_children_percentage": "81.9756%",
            "volunteer_total_num": 1685,
            "average_income_per_person_per_week": 645
        },
        "key": "213041358"
    }, {
        "value": {
            "higher_education_percentage": "2.2173%",
            "medium_age": 36,
            "having_children_percentage": "75.9696%",
            "volunteer_total_num": 145,
            "average_income_per_person_per_week": 512
        },
        "key": "213041359"
    }, {
        "value": {
            "higher_education_percentage": "11.6049%",
            "medium_age": 32,
            "having_children_percentage": "88.5059%",
            "volunteer_total_num": 1678,
            "average_income_per_person_per_week": 708
        },
        "key": "213041360"
    }, {
        "value": {
            "higher_education_percentage": "16.2492%",
            "medium_age": 37,
            "having_children_percentage": "82.4975%",
            "volunteer_total_num": 438,
            "average_income_per_person_per_week": 542
        },
        "key": "213041461"
    }, {
        "value": {
            "higher_education_percentage": "14.8814%",
            "medium_age": 36,
            "having_children_percentage": "79.4900%",
            "volunteer_total_num": 2135,
            "average_income_per_person_per_week": 537
        },
        "key": "213051362"
    }, {
        "value": {
            "higher_education_percentage": "12.4355%",
            "medium_age": 31,
            "having_children_percentage": "89.8870%",
            "volunteer_total_num": 452,
            "average_income_per_person_per_week": 698
        },
        "key": "213041462"
    }, {
        "value": {
            "higher_education_percentage": "12.2910%",
            "medium_age": 33,
            "having_children_percentage": "85.8731%",
            "volunteer_total_num": 1946,
            "average_income_per_person_per_week": 739
        },
        "key": "213041463"
    }, {
        "value": {
            "higher_education_percentage": "15.0755%",
            "medium_age": 35,
            "having_children_percentage": "82.5819%",
            "volunteer_total_num": 2148,
            "average_income_per_person_per_week": 620
        },
        "key": "213051361"
    }, {
        "value": {
            "higher_education_percentage": "21.1111%",
            "medium_age": 31,
            "having_children_percentage": "79.0768%",
            "volunteer_total_num": 904,
            "average_income_per_person_per_week": 640
        },
        "key": "213051363"
    }, {
        "value": {
            "higher_education_percentage": "12.5322%",
            "medium_age": 30,
            "having_children_percentage": "85.9706%",
            "volunteer_total_num": 3268,
            "average_income_per_person_per_week": 715
        },
        "key": "213051365"
    }, {
        "value": {
            "higher_education_percentage": "12.5046%",
            "medium_age": 30,
            "having_children_percentage": "83.5734%",
            "volunteer_total_num": 1982,
            "average_income_per_person_per_week": 753
        },
        "key": "213051366"
    }, {
        "value": {
            "higher_education_percentage": "13.7338%",
            "medium_age": 40,
            "having_children_percentage": "75.0551%",
            "volunteer_total_num": 1351,
            "average_income_per_person_per_week": 630
        },
        "key": "213051368"
    }, {
        "value": {
            "higher_education_percentage": "11.0190%",
            "medium_age": 31,
            "having_children_percentage": "84.0972%",
            "volunteer_total_num": 2261,
            "average_income_per_person_per_week": 693
        },
        "key": "213051369"
    }, {
        "value": {
            "higher_education_percentage": "15.2953%",
            "medium_age": 32,
            "having_children_percentage": "82.7628%",
            "volunteer_total_num": 1312,
            "average_income_per_person_per_week": 839
        },
        "key": "213051464"
    }, {
        "value": {
            "higher_education_percentage": "12.8097%",
            "medium_age": 33,
            "having_children_percentage": "85.4313%",
            "volunteer_total_num": 2642,
            "average_income_per_person_per_week": 778
        },
        "key": "213051465"
    }, {
        "value": {
            "higher_education_percentage": "10.8242%",
            "medium_age": 35,
            "having_children_percentage": "81.0329%",
            "volunteer_total_num": 2032,
            "average_income_per_person_per_week": 528
        },
        "key": "213051467"
    }, {
        "value": {
            "higher_education_percentage": "13.3393%",
            "medium_age": 36,
            "having_children_percentage": "77.4649%",
            "volunteer_total_num": 1590,
            "average_income_per_person_per_week": 672
        },
        "key": "213051468"
    }, {
        "value": {
            "higher_education_percentage": "9.8029%",
            "medium_age": 36,
            "having_children_percentage": "79.8194%",
            "volunteer_total_num": 2039,
            "average_income_per_person_per_week": 671
        },
        "key": "214011370"
    }, {
        "value": {
            "higher_education_percentage": "13.4502%",
            "medium_age": 39,
            "having_children_percentage": "73.3817%",
            "volunteer_total_num": 2998,
            "average_income_per_person_per_week": 607
        },
        "key": "214011371"
    }, {
        "value": {
            "higher_education_percentage": "8.3757%",
            "medium_age": 39,
            "having_children_percentage": "75.1488%",
            "volunteer_total_num": 2095,
            "average_income_per_person_per_week": 531
        },
        "key": "214011372"
    }, {
        "value": {
            "higher_education_percentage": "12.8927%",
            "medium_age": 44,
            "having_children_percentage": "75.5146%",
            "volunteer_total_num": 2938,
            "average_income_per_person_per_week": 706
        },
        "key": "214011373"
    }, {
        "value": {
            "higher_education_percentage": "10.2579%",
            "medium_age": 37,
            "having_children_percentage": "78.7455%",
            "volunteer_total_num": 3055,
            "average_income_per_person_per_week": 719
        },
        "key": "214011374"
    }, {
        "value": {
            "higher_education_percentage": "9.6974%",
            "medium_age": 40,
            "having_children_percentage": "73.2535%",
            "volunteer_total_num": 2172,
            "average_income_per_person_per_week": 664
        },
        "key": "214011375"
    }, {
        "value": {
            "higher_education_percentage": "11.5020%",
            "medium_age": 35,
            "having_children_percentage": "80.7975%",
            "volunteer_total_num": 1501,
            "average_income_per_person_per_week": 780
        },
        "key": "214011376"
    }, {
        "value": {
            "higher_education_percentage": "8.2090%",
            "medium_age": 50,
            "having_children_percentage": "61.7495%",
            "volunteer_total_num": 1810,
            "average_income_per_person_per_week": 596
        },
        "key": "214021377"
    }, {
        "value": {
            "higher_education_percentage": "10.9091%",
            "medium_age": 52,
            "having_children_percentage": "64.0452%",
            "volunteer_total_num": 1350,
            "average_income_per_person_per_week": 773
        },
        "key": "214021378"
    }, {
        "value": {
            "higher_education_percentage": "7.0991%",
            "medium_age": 41,
            "having_children_percentage": "72.0027%",
            "volunteer_total_num": 3587,
            "average_income_per_person_per_week": 628
        },
        "key": "214021379"
    }, {
        "value": {
            "higher_education_percentage": "9.3227%",
            "medium_age": 47,
            "having_children_percentage": "68.0512%",
            "volunteer_total_num": 3780,
            "average_income_per_person_per_week": 625
        },
        "key": "214021380"
    }, {
        "value": {
            "higher_education_percentage": "11.8207%",
            "medium_age": 44,
            "having_children_percentage": "76.1870%",
            "volunteer_total_num": 3310,
            "average_income_per_person_per_week": 760
        },
        "key": "214021381"
    }, {
        "value": {
            "higher_education_percentage": "9.2880%",
            "medium_age": 43,
            "having_children_percentage": "75.3505%",
            "volunteer_total_num": 3189,
            "average_income_per_person_per_week": 727
        },
        "key": "214021382"
    }, {
        "value": {
            "higher_education_percentage": "6.9875%",
            "medium_age": 51,
            "having_children_percentage": "62.5896%",
            "volunteer_total_num": 2893,
            "average_income_per_person_per_week": 593
        },
        "key": "214021383"
    }, {
        "value": {
            "higher_education_percentage": "6.5323%",
            "medium_age": 52,
            "having_children_percentage": "63.7830%",
            "volunteer_total_num": 3197,
            "average_income_per_person_per_week": 511
        },
        "key": "214021384"
    }, {
        "value": {
            "higher_education_percentage": "9.4821%",
            "medium_age": 40,
            "having_children_percentage": "75.1487%",
            "volunteer_total_num": 2558,
            "average_income_per_person_per_week": 667
        },
        "key": "214021385"
    }, {
        "value": {
            "higher_education_percentage": null,
            "medium_age": 0,
            "volunteer_total_num": 0,
            "having_children_percentage": null
        },
        "key": "206041127"
    }, {
        "value": {
            "higher_education_percentage": null,
            "medium_age": 0,
            "volunteer_total_num": 0,
            "having_children_percentage": null
        },
        "key": "208031192"
    }, {
        "value": {
            "higher_education_percentage": null,
            "medium_age": 0,
            "volunteer_total_num": 0,
            "having_children_percentage": null
        },
        "key": "210011227"
    }, {
        "value": {
            "higher_education_percentage": null,
            "medium_age": 0,
            "volunteer_total_num": 0
        },
        "key": "206041127"
    }, {
        "value": {
            "higher_education_percentage": null,
            "medium_age": 0,
            "volunteer_total_num": 0
        },
        "key": "210011227"
    }, {
        "value": {
            "higher_education_percentage": null,
            "medium_age": 0,
            "volunteer_total_num": 0
        },
        "key": "208031192"
    }],
    "_id": "1234567890"
}