{
    "0": {
        "sumsqr": 48634.454490008604,
        "max": 1,
        "count": 266813,
        "sum": 51229.79464121914,
        "min": -1
    },
    "1": {
        "sumsqr": 36793.55735355037,
        "max": 1,
        "count": 206431,
        "sum": 40184.49549135201,
        "min": -1
    },
    "2": {
        "sumsqr": 33294.41572299261,
        "max": 1,
        "count": 187269,
        "sum": 36369.0340858716,
        "min": -1
    },
    "3": {
        "sumsqr": 33431.49652729908,
        "max": 1,
        "count": 192377,
        "sum": 34845.91447231461,
        "min": -1
    },
    "4": {
        "sumsqr": 33401.34440907945,
        "max": 1,
        "count": 189603,
        "sum": 36617.87463180378,
        "min": -1
    },
    "5": {
        "sumsqr": 47350.649478155974,
        "max": 1,
        "count": 257425,
        "sum": 49078.23241533653,
        "min": -1
    },
    "6": {
        "sumsqr": 50218.613464077454,
        "max": 1,
        "count": 270614,
        "sum": 53973.27532309136,
        "min": -1
    }
}